"name"	"dirs"	"files"	"meansize"	"stdev"
"/local/scratch/rgr22/linux-2.6.18"	17	8	31278.38	32426.28
"/local/scratch/rgr22/linux-2.6.18/usr"	0	5	3037	3835.29
"/local/scratch/rgr22/linux-2.6.18/sound"	15	5	3990	5025.06
"/local/scratch/rgr22/linux-2.6.18/sound/usb"	1	8	32844.88	33427.65
"/local/scratch/rgr22/linux-2.6.18/sound/usb/usx2y"	0	10	8406.7	10627.83
"/local/scratch/rgr22/linux-2.6.18/sound/synth"	1	2	2647	2055
"/local/scratch/rgr22/linux-2.6.18/sound/synth/emux"	0	11	11136	10766.97
"/local/scratch/rgr22/linux-2.6.18/sound/sparc"	0	5	36537.2	33462.17
"/local/scratch/rgr22/linux-2.6.18/sound/ppc"	0	14	11654.14	12117.71
"/local/scratch/rgr22/linux-2.6.18/sound/pcmcia"	2	2	381	264
"/local/scratch/rgr22/linux-2.6.18/sound/pcmcia/vx"	0	5	6627.8	5585.08
"/local/scratch/rgr22/linux-2.6.18/sound/pcmcia/pdaudiocf"	0	6	6882	3260.08
"/local/scratch/rgr22/linux-2.6.18/sound/pci"	19	26	47282.88	28251.1
"/local/scratch/rgr22/linux-2.6.18/sound/pci/ymfpci"	0	4	36233	30701.79
"/local/scratch/rgr22/linux-2.6.18/sound/pci/vx222"	0	4	11648	13628.6
"/local/scratch/rgr22/linux-2.6.18/sound/pci/trident"	0	5	36429.4	46146.93
"/local/scratch/rgr22/linux-2.6.18/sound/pci/rme9652"	0	4	81018.5	53032.97
"/local/scratch/rgr22/linux-2.6.18/sound/pci/riptide"	0	2	32868.5	32794.5
"/local/scratch/rgr22/linux-2.6.18/sound/pci/pcxhr"	0	9	14878	15110.49
"/local/scratch/rgr22/linux-2.6.18/sound/pci/nm256"	0	3	118312.67	135511.99
"/local/scratch/rgr22/linux-2.6.18/sound/pci/mixart"	0	9	17265.33	15736.82
"/local/scratch/rgr22/linux-2.6.18/sound/pci/korg1212"	0	3	56463.67	39982.77
"/local/scratch/rgr22/linux-2.6.18/sound/pci/ice1712"	0	29	14277.48	21154.11
"/local/scratch/rgr22/linux-2.6.18/sound/pci/hda"	0	14	40405.43	57748.32
"/local/scratch/rgr22/linux-2.6.18/sound/pci/emu10k1"	0	22	19714.59	22144.84
"/local/scratch/rgr22/linux-2.6.18/sound/pci/echoaudio"	0	32	8450.31	11123.62
"/local/scratch/rgr22/linux-2.6.18/sound/pci/cs5535audio"	0	5	6287.6	4791.84
"/local/scratch/rgr22/linux-2.6.18/sound/pci/cs46xx"	1	8	48752.5	53162.05
"/local/scratch/rgr22/linux-2.6.18/sound/pci/cs46xx/imgs"	0	7	17239.43	29032.35
"/local/scratch/rgr22/linux-2.6.18/sound/pci/ca0106"	0	7	18991.71	17588.02
"/local/scratch/rgr22/linux-2.6.18/sound/pci/au88x0"	0	25	9916.44	15908.02
"/local/scratch/rgr22/linux-2.6.18/sound/pci/ali5451"	0	2	30674.5	30490.5
"/local/scratch/rgr22/linux-2.6.18/sound/pci/ac97"	0	10	25069.5	34103.59
"/local/scratch/rgr22/linux-2.6.18/sound/parisc"	0	4	7831.75	10618.3
"/local/scratch/rgr22/linux-2.6.18/sound/oss"	3	148	27431.89	40993.89
"/local/scratch/rgr22/linux-2.6.18/sound/oss/emu10k1"	0	35	9255.43	10800.39
"/local/scratch/rgr22/linux-2.6.18/sound/oss/dmasound"	0	21	17395.1	20929.24
"/local/scratch/rgr22/linux-2.6.18/sound/oss/cs4281"	0	6	33403.83	48918.13
"/local/scratch/rgr22/linux-2.6.18/sound/mips"	0	3	6551.67	8971.56
"/local/scratch/rgr22/linux-2.6.18/sound/isa"	8	11	20541.36	19539.2
"/local/scratch/rgr22/linux-2.6.18/sound/isa/wavefront"	0	5	25782	18518.23
"/local/scratch/rgr22/linux-2.6.18/sound/isa/sb"	0	18	16080.72	13324.83
"/local/scratch/rgr22/linux-2.6.18/sound/isa/opti9xx"	0	6	16585.5	23513.77
"/local/scratch/rgr22/linux-2.6.18/sound/isa/gus"	0	24	9827.42	7666.21
"/local/scratch/rgr22/linux-2.6.18/sound/isa/es1688"	0	3	12809.33	13286.31
"/local/scratch/rgr22/linux-2.6.18/sound/isa/cs423x"	0	6	21339	21311.02
"/local/scratch/rgr22/linux-2.6.18/sound/isa/ad1848"	0	3	15132	16881.75
"/local/scratch/rgr22/linux-2.6.18/sound/isa/ad1816a"	0	3	13311	12056.24
"/local/scratch/rgr22/linux-2.6.18/sound/i2c"	2	4	9802.25	6528.73
"/local/scratch/rgr22/linux-2.6.18/sound/i2c/other"	0	5	12078	7404.03
"/local/scratch/rgr22/linux-2.6.18/sound/i2c/l3"	0	2	14516.5	14390.5
"/local/scratch/rgr22/linux-2.6.18/sound/drivers"	4	6	13502.5	11321.82
"/local/scratch/rgr22/linux-2.6.18/sound/drivers/vx"	0	8	14102.5	12036.43
"/local/scratch/rgr22/linux-2.6.18/sound/drivers/opl4"	0	8	13518	17606.92
"/local/scratch/rgr22/linux-2.6.18/sound/drivers/opl3"	0	8	9628.25	6484.9
"/local/scratch/rgr22/linux-2.6.18/sound/drivers/mpu401"	0	3	8192.33	6752.93
"/local/scratch/rgr22/linux-2.6.18/sound/core"	2	29	17772.28	21555.71
"/local/scratch/rgr22/linux-2.6.18/sound/core/seq"	2	30	9995.4	12397.74
"/local/scratch/rgr22/linux-2.6.18/sound/core/seq/oss"	0	18	6035.39	4841.38
"/local/scratch/rgr22/linux-2.6.18/sound/core/seq/instr"	0	5	7896.2	5648.73
"/local/scratch/rgr22/linux-2.6.18/sound/core/oss"	0	12	17189.17	22847.52
"/local/scratch/rgr22/linux-2.6.18/sound/arm"	0	10	8172.8	9229.8
"/local/scratch/rgr22/linux-2.6.18/sound/aoa"	4	4	1685.25	1539.4
"/local/scratch/rgr22/linux-2.6.18/sound/aoa/soundbus"	1	5	2798.8	2791.99
"/local/scratch/rgr22/linux-2.6.18/sound/aoa/soundbus/i2sbus"	0	6	8926.83	8870.28
"/local/scratch/rgr22/linux-2.6.18/sound/aoa/fabrics"	0	3	9164.33	12651.96
"/local/scratch/rgr22/linux-2.6.18/sound/aoa/core"	0	6	3835.33	3615.09
"/local/scratch/rgr22/linux-2.6.18/sound/aoa/codecs"	0	9	7569.33	10317.78
"/local/scratch/rgr22/linux-2.6.18/security"	2	9	8724	7541.09
"/local/scratch/rgr22/linux-2.6.18/security/selinux"	2	10	20311	33759.14
"/local/scratch/rgr22/linux-2.6.18/security/selinux/ss"	0	22	7534.86	12134.05
"/local/scratch/rgr22/linux-2.6.18/security/selinux/include"	0	14	6709.71	14338.51
"/local/scratch/rgr22/linux-2.6.18/security/keys"	0	12	11285.08	9173.47
"/local/scratch/rgr22/linux-2.6.18/scripts"	7	38	4924.66	8611.57
"/local/scratch/rgr22/linux-2.6.18/scripts/rt-tester"	0	15	1918.67	1068.66
"/local/scratch/rgr22/linux-2.6.18/scripts/package"	0	4	2960	449.24
"/local/scratch/rgr22/linux-2.6.18/scripts/mod"	0	8	8946	12079.21
"/local/scratch/rgr22/linux-2.6.18/scripts/ksymoops"	0	1	386	0
"/local/scratch/rgr22/linux-2.6.18/scripts/kconfig"	1	26	15895.65	17380.07
"/local/scratch/rgr22/linux-2.6.18/scripts/kconfig/lxdialog"	0	14	5295.79	4347.39
"/local/scratch/rgr22/linux-2.6.18/scripts/genksyms"	0	11	15100.36	20938.22
"/local/scratch/rgr22/linux-2.6.18/scripts/basic"	0	4	5130.5	4769.96
"/local/scratch/rgr22/linux-2.6.18/net"	34	7	12246.43	17583.42
"/local/scratch/rgr22/linux-2.6.18/net/xfrm"	0	7	17688.14	16787.8
"/local/scratch/rgr22/linux-2.6.18/net/x25"	0	13	7811.08	9034.3
"/local/scratch/rgr22/linux-2.6.18/net/wanrouter"	0	6	16781.17	24023.08
"/local/scratch/rgr22/linux-2.6.18/net/unix"	0	5	11676.8	18700.1
"/local/scratch/rgr22/linux-2.6.18/net/tipc"	0	46	11133.8	14783.94
"/local/scratch/rgr22/linux-2.6.18/net/sunrpc"	1	21	15081.76	12657.68
"/local/scratch/rgr22/linux-2.6.18/net/sunrpc/auth_gss"	0	15	9734.27	9981.85
"/local/scratch/rgr22/linux-2.6.18/net/sctp"	0	29	30037.79	42116.45
"/local/scratch/rgr22/linux-2.6.18/net/sched"	0	42	12916.86	11867.44
"/local/scratch/rgr22/linux-2.6.18/net/rxrpc"	0	13	12039.77	14925.93
"/local/scratch/rgr22/linux-2.6.18/net/rose"	0	11	10418.64	11969.61
"/local/scratch/rgr22/linux-2.6.18/net/packet"	0	3	14759.33	20373.53
"/local/scratch/rgr22/linux-2.6.18/net/netrom"	0	10	9404.2	10018.69
"/local/scratch/rgr22/linux-2.6.18/net/netlink"	0	4	15254	15296.31
"/local/scratch/rgr22/linux-2.6.18/net/netfilter"	0	50	8675.08	10788.39
"/local/scratch/rgr22/linux-2.6.18/net/llc"	0	19	18528.53	33416.93
"/local/scratch/rgr22/linux-2.6.18/net/lapb"	0	7	6686.14	5765.43
"/local/scratch/rgr22/linux-2.6.18/net/key"	0	2	44184.5	44118.5
"/local/scratch/rgr22/linux-2.6.18/net/irda"	3	23	23323.52	19811.73
"/local/scratch/rgr22/linux-2.6.18/net/irda/irnet"	0	7	16957.14	19686.39
"/local/scratch/rgr22/linux-2.6.18/net/irda/irlan"	0	10	9724.5	8644.88
"/local/scratch/rgr22/linux-2.6.18/net/irda/ircomm"	0	10	13745.4	11683.01
"/local/scratch/rgr22/linux-2.6.18/net/ipx"	0	7	10762	16775.26
"/local/scratch/rgr22/linux-2.6.18/net/ipv6"	1	41	17718.05	19895.74
"/local/scratch/rgr22/linux-2.6.18/net/ipv6/netfilter"	0	22	8127.18	8312.75
"/local/scratch/rgr22/linux-2.6.18/net/ipv4"	2	72	19364.35	22598.43
"/local/scratch/rgr22/linux-2.6.18/net/ipv4/netfilter"	0	71	12422.9	15049.91
"/local/scratch/rgr22/linux-2.6.18/net/ipv4/ipvs"	0	26	11542.69	11610.49
"/local/scratch/rgr22/linux-2.6.18/net/ieee80211"	1	11	13862.09	13646.92
"/local/scratch/rgr22/linux-2.6.18/net/ieee80211/softmac"	0	10	9742.8	5832.65
"/local/scratch/rgr22/linux-2.6.18/net/ethernet"	0	3	3026	3615.5
"/local/scratch/rgr22/linux-2.6.18/net/econet"	0	3	9092	11941.64
"/local/scratch/rgr22/linux-2.6.18/net/decnet"	1	15	17318.87	16261.08
"/local/scratch/rgr22/linux-2.6.18/net/decnet/netfilter"	0	3	1520.67	1775.14
"/local/scratch/rgr22/linux-2.6.18/net/dccp"	1	20	10927.9	9752.69
"/local/scratch/rgr22/linux-2.6.18/net/dccp/ccids"	1	6	11465.67	13725.51
"/local/scratch/rgr22/linux-2.6.18/net/dccp/ccids/lib"	0	7	5033.57	5040.86
"/local/scratch/rgr22/linux-2.6.18/net/core"	0	28	21003.36	25716.15
"/local/scratch/rgr22/linux-2.6.18/net/bridge"	1	20	6736.65	6422.35
"/local/scratch/rgr22/linux-2.6.18/net/bridge/netfilter"	0	22	5032.5	7902.55
"/local/scratch/rgr22/linux-2.6.18/net/bluetooth"	4	11	16325.45	14772.96
"/local/scratch/rgr22/linux-2.6.18/net/bluetooth/rfcomm"	0	5	18761.2	17834.79
"/local/scratch/rgr22/linux-2.6.18/net/bluetooth/hidp"	0	5	5879.8	6976.6
"/local/scratch/rgr22/linux-2.6.18/net/bluetooth/cmtp"	0	6	5752.67	5553.72
"/local/scratch/rgr22/linux-2.6.18/net/bluetooth/bnep"	0	6	5397.33	5116.76
"/local/scratch/rgr22/linux-2.6.18/net/ax25"	0	21	7883.38	8873.82
"/local/scratch/rgr22/linux-2.6.18/net/atm"	0	31	10331.48	16767.52
"/local/scratch/rgr22/linux-2.6.18/net/appletalk"	0	6	14516.17	18352.69
"/local/scratch/rgr22/linux-2.6.18/net/8021q"	0	7	8460.29	9542.55
"/local/scratch/rgr22/linux-2.6.18/net/802"	0	9	4351.11	4354.98
"/local/scratch/rgr22/linux-2.6.18/mm"	0	47	19674.6	23137.73
"/local/scratch/rgr22/linux-2.6.18/lib"	3	71	5457.86	7513.11
"/local/scratch/rgr22/linux-2.6.18/lib/zlib_inflate"	0	10	7309.9	9217.12
"/local/scratch/rgr22/linux-2.6.18/lib/zlib_deflate"	0	5	19412.2	19158.22
"/local/scratch/rgr22/linux-2.6.18/lib/reed_solomon"	0	4	4522	3950.33
"/local/scratch/rgr22/linux-2.6.18/kernel"	3	77	19475.87	25917.02
"/local/scratch/rgr22/linux-2.6.18/kernel/time"	0	3	3932.67	3825.51
"/local/scratch/rgr22/linux-2.6.18/kernel/power"	0	14	6046.43	5519.87
"/local/scratch/rgr22/linux-2.6.18/kernel/irq"	0	10	5056.8	4223.55
"/local/scratch/rgr22/linux-2.6.18/ipc"	0	10	15039.4	11530.39
"/local/scratch/rgr22/linux-2.6.18/init"	0	11	7887.09	6176.06
"/local/scratch/rgr22/linux-2.6.18/include"	38	1	89	0
"/local/scratch/rgr22/linux-2.6.18/include/video"	0	31	12503.87	22103.21
"/local/scratch/rgr22/linux-2.6.18/include/sound"	0	77	9484.27	13340.44
"/local/scratch/rgr22/linux-2.6.18/include/scsi"	0	22	7200.27	6022.27
"/local/scratch/rgr22/linux-2.6.18/include/rxrpc"	0	11	2863.64	2293.45
"/local/scratch/rgr22/linux-2.6.18/include/rdma"	0	17	9510.71	10591.66
"/local/scratch/rgr22/linux-2.6.18/include/pcmcia"	0	11	5513.55	4717.97
"/local/scratch/rgr22/linux-2.6.18/include/net"	6	98	6391.92	7983.7
"/local/scratch/rgr22/linux-2.6.18/include/net/tipc"	0	4	5590.75	1592.64
"/local/scratch/rgr22/linux-2.6.18/include/net/tc_act"	0	5	236.6	95.94
"/local/scratch/rgr22/linux-2.6.18/include/net/sctp"	0	9	16654.44	16294.43
"/local/scratch/rgr22/linux-2.6.18/include/net/netfilter"	2	7	4454.43	3031.18
"/local/scratch/rgr22/linux-2.6.18/include/net/netfilter/ipv6"	0	1	567	0
"/local/scratch/rgr22/linux-2.6.18/include/net/netfilter/ipv4"	0	2	613	364
"/local/scratch/rgr22/linux-2.6.18/include/net/irda"	0	34	3670	2360.77
"/local/scratch/rgr22/linux-2.6.18/include/net/bluetooth"	0	6	9238	5987.73
"/local/scratch/rgr22/linux-2.6.18/include/mtd"	0	6	1519.67	1452.17
"/local/scratch/rgr22/linux-2.6.18/include/media"	0	28	4412.25	4566.48
"/local/scratch/rgr22/linux-2.6.18/include/math-emu"	0	10	11589.4	8029.66
"/local/scratch/rgr22/linux-2.6.18/include/linux"	20	713	6197.18	10238.42
"/local/scratch/rgr22/linux-2.6.18/include/linux/usb"	0	6	7438	8467.61
"/local/scratch/rgr22/linux-2.6.18/include/linux/tc_ematch"	0	5	559.6	698.48
"/local/scratch/rgr22/linux-2.6.18/include/linux/tc_act"	0	6	488.5	278.92
"/local/scratch/rgr22/linux-2.6.18/include/linux/sunrpc"	0	24	3933.5	2820.1
"/local/scratch/rgr22/linux-2.6.18/include/linux/spi"	0	4	7441.25	9484.64
"/local/scratch/rgr22/linux-2.6.18/include/linux/raid"	0	13	4545.38	4280.96
"/local/scratch/rgr22/linux-2.6.18/include/linux/nfsd"	0	15	4917.2	4920.7
"/local/scratch/rgr22/linux-2.6.18/include/linux/netfilter_ipv6"	0	21	812.33	1816.64
"/local/scratch/rgr22/linux-2.6.18/include/linux/netfilter_ipv4"	0	72	1666.88	4372.76
"/local/scratch/rgr22/linux-2.6.18/include/linux/netfilter_bridge"	0	17	1317.76	2775.8
"/local/scratch/rgr22/linux-2.6.18/include/linux/netfilter_arp"	0	3	2651.33	3332.13
"/local/scratch/rgr22/linux-2.6.18/include/linux/netfilter"	0	40	1152.03	1856.72
"/local/scratch/rgr22/linux-2.6.18/include/linux/mtd"	0	26	4016.81	4489.62
"/local/scratch/rgr22/linux-2.6.18/include/linux/mmc"	0	4	4980.75	2629.15
"/local/scratch/rgr22/linux-2.6.18/include/linux/lockd"	0	8	2101.38	2038.13
"/local/scratch/rgr22/linux-2.6.18/include/linux/isdn"	0	4	5669.75	5337.52
"/local/scratch/rgr22/linux-2.6.18/include/linux/hdlc"	0	2	629	609
"/local/scratch/rgr22/linux-2.6.18/include/linux/dvb"	0	9	3852.11	2504.5
"/local/scratch/rgr22/linux-2.6.18/include/linux/byteorder"	0	7	3626.86	1714.95
"/local/scratch/rgr22/linux-2.6.18/include/linux/amba"	0	4	4605	2361.32
"/local/scratch/rgr22/linux-2.6.18/include/keys"	0	1	1721	0
"/local/scratch/rgr22/linux-2.6.18/include/asm-xtensa"	2	95	2276.95	2997.2
"/local/scratch/rgr22/linux-2.6.18/include/asm-xtensa/xtensa"	1	9	13063.78	10142.39
"/local/scratch/rgr22/linux-2.6.18/include/asm-xtensa/xtensa/config-linux_be"	0	5	19168.2	24537.16
"/local/scratch/rgr22/linux-2.6.18/include/asm-xtensa/platform-iss"	0	1	613	0
"/local/scratch/rgr22/linux-2.6.18/include/asm-x86_64"	0	154	2611.84	3649.89
"/local/scratch/rgr22/linux-2.6.18/include/asm-v850"	0	118	1973.04	2294.44
"/local/scratch/rgr22/linux-2.6.18/include/asm-um"	0	138	638.49	1299.99
"/local/scratch/rgr22/linux-2.6.18/include/asm-sparc64"	0	156	3818.15	7067.18
"/local/scratch/rgr22/linux-2.6.18/include/asm-sparc"	0	156	3210.1	3525.14
"/local/scratch/rgr22/linux-2.6.18/include/asm-sh64"	0	93	1860.65	3076.47
"/local/scratch/rgr22/linux-2.6.18/include/asm-sh"	28	112	2162.17	3078.98
"/local/scratch/rgr22/linux-2.6.18/include/asm-sh/systemh"	0	2	2060	106
"/local/scratch/rgr22/linux-2.6.18/include/asm-sh/snapgear"	0	1	2994	0
"/local/scratch/rgr22/linux-2.6.18/include/asm-sh/sh2000"	0	1	174	0
"/local/scratch/rgr22/linux-2.6.18/include/asm-sh/sh03"	0	3	517	336.29
"/local/scratch/rgr22/linux-2.6.18/include/asm-sh/se7751"	0	2	1994.5	182.5
"/local/scratch/rgr22/linux-2.6.18/include/asm-sh/se73180"	0	2	1758.5	437.5
"/local/scratch/rgr22/linux-2.6.18/include/asm-sh/se7300"	0	2	1713.5	457.5
"/local/scratch/rgr22/linux-2.6.18/include/asm-sh/se"	0	3	3127	1841.93
"/local/scratch/rgr22/linux-2.6.18/include/asm-sh/saturn"	0	2	693.5	216.5
"/local/scratch/rgr22/linux-2.6.18/include/asm-sh/rts7751r2d"	0	4	4703	5529.18
"/local/scratch/rgr22/linux-2.6.18/include/asm-sh/overdrive"	0	4	2066	1287.57
"/local/scratch/rgr22/linux-2.6.18/include/asm-sh/mpc1211"	0	7	2884.14	3555.24
"/local/scratch/rgr22/linux-2.6.18/include/asm-sh/hs7751rvoip"	0	3	1203	724.38
"/local/scratch/rgr22/linux-2.6.18/include/asm-sh/hp6xx"	0	3	313	209.06
"/local/scratch/rgr22/linux-2.6.18/include/asm-sh/hd64465"	0	3	5574	5506.25
"/local/scratch/rgr22/linux-2.6.18/include/asm-sh/hd64461"	0	2	4709	3052
"/local/scratch/rgr22/linux-2.6.18/include/asm-sh/harp"	0	2	704.5	514.5
"/local/scratch/rgr22/linux-2.6.18/include/asm-sh/edosk7705"	0	1	1118	0
"/local/scratch/rgr22/linux-2.6.18/include/asm-sh/ec3104"	0	4	830.25	247.2
"/local/scratch/rgr22/linux-2.6.18/include/asm-sh/dreamcast"	0	3	1012	342.26
"/local/scratch/rgr22/linux-2.6.18/include/asm-sh/dmida"	0	1	193	0
"/local/scratch/rgr22/linux-2.6.18/include/asm-sh/cqreek"	0	1	701	0
"/local/scratch/rgr22/linux-2.6.18/include/asm-sh/cpu-sh4"	0	13	1009	493.7
"/local/scratch/rgr22/linux-2.6.18/include/asm-sh/cpu-sh3"	0	14	925.79	709.81
"/local/scratch/rgr22/linux-2.6.18/include/asm-sh/cpu-sh2"	0	8	880.25	512.38
"/local/scratch/rgr22/linux-2.6.18/include/asm-sh/cat68701"	0	1	621	0
"/local/scratch/rgr22/linux-2.6.18/include/asm-sh/bigsur"	0	3	1440.33	765.37
"/local/scratch/rgr22/linux-2.6.18/include/asm-sh/adx"	0	1	2625	0
"/local/scratch/rgr22/linux-2.6.18/include/asm-s390"	0	112	3249.55	4830.76
"/local/scratch/rgr22/linux-2.6.18/include/asm-ppc"	0	80	7553.6	9957.47
"/local/scratch/rgr22/linux-2.6.18/include/asm-powerpc"	1	171	4181.32	5243.17
"/local/scratch/rgr22/linux-2.6.18/include/asm-powerpc/iseries"	0	16	3165.75	1283.35
"/local/scratch/rgr22/linux-2.6.18/include/asm-parisc"	0	118	3186.12	5604.53
"/local/scratch/rgr22/linux-2.6.18/include/asm-mips"	46	182	4103.3	6807.05
"/local/scratch/rgr22/linux-2.6.18/include/asm-mips/xtalk"	0	2	3305	1755
"/local/scratch/rgr22/linux-2.6.18/include/asm-mips/vr41xx"	0	11	1966.82	827.3
"/local/scratch/rgr22/linux-2.6.18/include/asm-mips/tx4938"	0	4	9516.75	9403.28
"/local/scratch/rgr22/linux-2.6.18/include/asm-mips/tx4927"	0	5	34534.6	48500.49
"/local/scratch/rgr22/linux-2.6.18/include/asm-mips/sn"	1	17	6254.59	8992.42
"/local/scratch/rgr22/linux-2.6.18/include/asm-mips/sn/sn0"	0	8	12351	11003.22
"/local/scratch/rgr22/linux-2.6.18/include/asm-mips/sibyte"	0	25	15052.28	13158.4
"/local/scratch/rgr22/linux-2.6.18/include/asm-mips/sgi"	0	7	5625.86	4525.48
"/local/scratch/rgr22/linux-2.6.18/include/asm-mips/pci"	0	1	29860	0
"/local/scratch/rgr22/linux-2.6.18/include/asm-mips/mips-boards"	0	14	3563.29	4141.65
"/local/scratch/rgr22/linux-2.6.18/include/asm-mips/mach-yosemite"	0	1	1172	0
"/local/scratch/rgr22/linux-2.6.18/include/asm-mips/mach-wrppmc"	0	1	2491	0
"/local/scratch/rgr22/linux-2.6.18/include/asm-mips/mach-sim"	0	1	1828	0
"/local/scratch/rgr22/linux-2.6.18/include/asm-mips/mach-sibyte"	0	1	1068	0
"/local/scratch/rgr22/linux-2.6.18/include/asm-mips/mach-rm200"	0	3	712	400.92
"/local/scratch/rgr22/linux-2.6.18/include/asm-mips/mach-qemu"	0	2	613	212
"/local/scratch/rgr22/linux-2.6.18/include/asm-mips/mach-pnx8550"	0	8	4052.75	2729.62
"/local/scratch/rgr22/linux-2.6.18/include/asm-mips/mach-pb1x00"	0	6	3992.83	2311.13
"/local/scratch/rgr22/linux-2.6.18/include/asm-mips/mach-ocelot3"	0	1	1275	0
"/local/scratch/rgr22/linux-2.6.18/include/asm-mips/mach-ocelot"	0	1	840	0
"/local/scratch/rgr22/linux-2.6.18/include/asm-mips/mach-mips"	0	4	1116.75	741.41
"/local/scratch/rgr22/linux-2.6.18/include/asm-mips/mach-lasat"	0	1	706	0
"/local/scratch/rgr22/linux-2.6.18/include/asm-mips/mach-jmr3927"	0	1	484	0
"/local/scratch/rgr22/linux-2.6.18/include/asm-mips/mach-jazz"	0	3	1270.67	964.62
"/local/scratch/rgr22/linux-2.6.18/include/asm-mips/mach-ja"	0	2	866	288
"/local/scratch/rgr22/linux-2.6.18/include/asm-mips/mach-ip32"	0	5	899.4	380.19
"/local/scratch/rgr22/linux-2.6.18/include/asm-mips/mach-ip27"	0	8	897.75	362.49
"/local/scratch/rgr22/linux-2.6.18/include/asm-mips/mach-ip22"	0	3	1013.33	342.85
"/local/scratch/rgr22/linux-2.6.18/include/asm-mips/mach-generic"	0	12	1252	1403.91
"/local/scratch/rgr22/linux-2.6.18/include/asm-mips/mach-excite"	0	6	1197.17	1348.86
"/local/scratch/rgr22/linux-2.6.18/include/asm-mips/mach-ev96100"	0	1	1139	0
"/local/scratch/rgr22/linux-2.6.18/include/asm-mips/mach-ev64120"	0	1	1720	0
"/local/scratch/rgr22/linux-2.6.18/include/asm-mips/mach-emma2rh"	0	1	347	0
"/local/scratch/rgr22/linux-2.6.18/include/asm-mips/mach-dec"	0	1	1142	0
"/local/scratch/rgr22/linux-2.6.18/include/asm-mips/mach-db1x00"	0	2	6507	78
"/local/scratch/rgr22/linux-2.6.18/include/asm-mips/mach-cobalt"	0	3	1825	1649.63
"/local/scratch/rgr22/linux-2.6.18/include/asm-mips/mach-au1x00"	0	12	10834.92	16884.29
"/local/scratch/rgr22/linux-2.6.18/include/asm-mips/mach-atlas"	0	1	1798	0
"/local/scratch/rgr22/linux-2.6.18/include/asm-mips/lasat"	0	7	1493.86	2543.12
"/local/scratch/rgr22/linux-2.6.18/include/asm-mips/jmr3927"	0	4	7683.25	4609.86
"/local/scratch/rgr22/linux-2.6.18/include/asm-mips/it8172"	0	5	5456	3034.72
"/local/scratch/rgr22/linux-2.6.18/include/asm-mips/ip32"	0	4	4816.75	3870.74
"/local/scratch/rgr22/linux-2.6.18/include/asm-mips/galileo-boards"	0	3	7231.33	9142.32
"/local/scratch/rgr22/linux-2.6.18/include/asm-mips/emma2rh"	0	2	7736.5	4334.5
"/local/scratch/rgr22/linux-2.6.18/include/asm-mips/dec"	0	20	2436.1	1614.16
"/local/scratch/rgr22/linux-2.6.18/include/asm-mips/ddb5xxx"	0	2	10024.5	1593.5
"/local/scratch/rgr22/linux-2.6.18/include/asm-mips/arc"	0	2	2782	514
"/local/scratch/rgr22/linux-2.6.18/include/asm-m68knommu"	0	138	4030.62	11056.74
"/local/scratch/rgr22/linux-2.6.18/include/asm-m68k"	0	163	2585.65	3318.62
"/local/scratch/rgr22/linux-2.6.18/include/asm-m32r"	5	101	2350.14	3676.64
"/local/scratch/rgr22/linux-2.6.18/include/asm-m32r/opsput"	0	3	5004	4138.8
"/local/scratch/rgr22/linux-2.6.18/include/asm-m32r/mappi3"	0	1	4575	0
"/local/scratch/rgr22/linux-2.6.18/include/asm-m32r/mappi2"	0	1	4867	0
"/local/scratch/rgr22/linux-2.6.18/include/asm-m32r/m32700ut"	0	3	5723	3872.23
"/local/scratch/rgr22/linux-2.6.18/include/asm-m32r/m32104ut"	0	1	5678	0
"/local/scratch/rgr22/linux-2.6.18/include/asm-ia64"	1	136	3501.06	5988.51
"/local/scratch/rgr22/linux-2.6.18/include/asm-ia64/sn"	1	35	11778.06	22730.53
"/local/scratch/rgr22/linux-2.6.18/include/asm-ia64/sn/sn2"	0	1	7075	0
"/local/scratch/rgr22/linux-2.6.18/include/asm-i386"	8	155	2940.5	3961.9
"/local/scratch/rgr22/linux-2.6.18/include/asm-i386/mach-voyager"	0	4	1012.5	794.05
"/local/scratch/rgr22/linux-2.6.18/include/asm-i386/mach-visws"	0	10	1425.1	1027.82
"/local/scratch/rgr22/linux-2.6.18/include/asm-i386/mach-summit"	0	6	1926.17	2254.69
"/local/scratch/rgr22/linux-2.6.18/include/asm-i386/mach-numaq"	0	6	1100.5	1220.42
"/local/scratch/rgr22/linux-2.6.18/include/asm-i386/mach-generic"	0	6	484.17	431
"/local/scratch/rgr22/linux-2.6.18/include/asm-i386/mach-es7000"	0	6	1437.17	1627.18
"/local/scratch/rgr22/linux-2.6.18/include/asm-i386/mach-default"	0	20	1176.2	921.31
"/local/scratch/rgr22/linux-2.6.18/include/asm-i386/mach-bigsmp"	0	4	1090.25	1382.03
"/local/scratch/rgr22/linux-2.6.18/include/asm-h8300"	0	102	1295.86	2200.12
"/local/scratch/rgr22/linux-2.6.18/include/asm-generic"	1	49	2391.69	2578.56
"/local/scratch/rgr22/linux-2.6.18/include/asm-generic/bitops"	0	15	1157.67	1411.64
"/local/scratch/rgr22/linux-2.6.18/include/asm-frv"	0	114	2319.06	3358.24
"/local/scratch/rgr22/linux-2.6.18/include/asm-cris"	2	94	1454.56	2280.22
"/local/scratch/rgr22/linux-2.6.18/include/asm-cris/arch-v32"	1	31	2609.48	3731.2
"/local/scratch/rgr22/linux-2.6.18/include/asm-cris/arch-v32/hwregs"	2	28	6831.25	4134.71
"/local/scratch/rgr22/linux-2.6.18/include/asm-cris/arch-v32/hwregs/iop"	1	23	12113.87	10454.38
"/local/scratch/rgr22/linux-2.6.18/include/asm-cris/arch-v32/hwregs/iop/asm"	0	21	21623.81	27787.43
"/local/scratch/rgr22/linux-2.6.18/include/asm-cris/arch-v32/hwregs/asm"	0	25	10335.8	8012.39
"/local/scratch/rgr22/linux-2.6.18/include/asm-cris/arch-v10"	0	29	12871.86	54203.73
"/local/scratch/rgr22/linux-2.6.18/include/asm-arm26"	0	110	1987.88	3133.71
"/local/scratch/rgr22/linux-2.6.18/include/asm-arm"	28	124	2439.31	3525.56
"/local/scratch/rgr22/linux-2.6.18/include/asm-arm/mach"	0	12	1234.42	625.91
"/local/scratch/rgr22/linux-2.6.18/include/asm-arm/hardware"	0	26	3044.42	3573.71
"/local/scratch/rgr22/linux-2.6.18/include/asm-arm/arch-versatile"	0	12	3598	6299.78
"/local/scratch/rgr22/linux-2.6.18/include/asm-arm/arch-shark"	0	11	620.27	381.51
"/local/scratch/rgr22/linux-2.6.18/include/asm-arm/arch-sa1100"	0	29	7964.14	21471.22
"/local/scratch/rgr22/linux-2.6.18/include/asm-arm/arch-s3c2410"	0	54	3336.87	5630.45
"/local/scratch/rgr22/linux-2.6.18/include/asm-arm/arch-rpc"	0	12	1744.67	1938.94
"/local/scratch/rgr22/linux-2.6.18/include/asm-arm/arch-realview"	0	13	2692.92	4578.3
"/local/scratch/rgr22/linux-2.6.18/include/asm-arm/arch-pxa"	0	35	5688.03	20610.14
"/local/scratch/rgr22/linux-2.6.18/include/asm-arm/arch-pnx4008"	0	17	2281	2085.05
"/local/scratch/rgr22/linux-2.6.18/include/asm-arm/arch-omap"	0	56	3560.02	3593.01
"/local/scratch/rgr22/linux-2.6.18/include/asm-arm/arch-netx"	0	16	2231.13	4036.31
"/local/scratch/rgr22/linux-2.6.18/include/asm-arm/arch-lh7a40x"	0	15	2401.93	2502.32
"/local/scratch/rgr22/linux-2.6.18/include/asm-arm/arch-l7200"	0	21	1728.1	1397.2
"/local/scratch/rgr22/linux-2.6.18/include/asm-arm/arch-ixp4xx"	0	19	3398.95	6075.93
"/local/scratch/rgr22/linux-2.6.18/include/asm-arm/arch-ixp23xx"	0	15	2320.27	3715.51
"/local/scratch/rgr22/linux-2.6.18/include/asm-arm/arch-ixp2000"	0	17	2940.65	4263.13
"/local/scratch/rgr22/linux-2.6.18/include/asm-arm/arch-iop3xx"	0	19	2939.84	5522.09
"/local/scratch/rgr22/linux-2.6.18/include/asm-arm/arch-integrator"	0	17	2177.47	4112.2
"/local/scratch/rgr22/linux-2.6.18/include/asm-arm/arch-imx"	0	17	3021.71	6441.14
"/local/scratch/rgr22/linux-2.6.18/include/asm-arm/arch-h720x"	0	14	1700.43	1588.78
"/local/scratch/rgr22/linux-2.6.18/include/asm-arm/arch-ep93xx"	0	16	1215.31	1489.33
"/local/scratch/rgr22/linux-2.6.18/include/asm-arm/arch-ebsa285"	0	11	1520.64	977.73
"/local/scratch/rgr22/linux-2.6.18/include/asm-arm/arch-ebsa110"	0	11	882.27	556.52
"/local/scratch/rgr22/linux-2.6.18/include/asm-arm/arch-clps711x"	0	14	2047.64	1575.87
"/local/scratch/rgr22/linux-2.6.18/include/asm-arm/arch-cl7500"	0	13	1140.15	1721.61
"/local/scratch/rgr22/linux-2.6.18/include/asm-arm/arch-at91rm9200"	0	23	4241.22	4685.75
"/local/scratch/rgr22/linux-2.6.18/include/asm-arm/arch-aaec2000"	0	13	1540.62	2193.53
"/local/scratch/rgr22/linux-2.6.18/include/asm-alpha"	0	127	3454.46	4801.94
"/local/scratch/rgr22/linux-2.6.18/include/acpi"	1	37	11353.62	8675.59
"/local/scratch/rgr22/linux-2.6.18/include/acpi/platform"	0	3	6232.33	3692.94
"/local/scratch/rgr22/linux-2.6.18/fs"	56	64	22576.55	21130.29
"/local/scratch/rgr22/linux-2.6.18/fs/xfs"	3	107	23030.61	32991.66
"/local/scratch/rgr22/linux-2.6.18/fs/xfs/support"	0	8	2875.5	1816.07
"/local/scratch/rgr22/linux-2.6.18/fs/xfs/quota"	0	12	19462.08	20461.66
"/local/scratch/rgr22/linux-2.6.18/fs/xfs/linux-2.6"	0	39	8270.36	10403.8
"/local/scratch/rgr22/linux-2.6.18/fs/vfat"	0	2	12289	12182
"/local/scratch/rgr22/linux-2.6.18/fs/ufs"	0	14	11953.07	11289.93
"/local/scratch/rgr22/linux-2.6.18/fs/udf"	0	24	11897.88	14805.97
"/local/scratch/rgr22/linux-2.6.18/fs/sysv"	0	14	6142.36	4174.86
"/local/scratch/rgr22/linux-2.6.18/fs/sysfs"	0	9	5344.33	4429.71
"/local/scratch/rgr22/linux-2.6.18/fs/smbfs"	0	16	11689.75	20255.3
"/local/scratch/rgr22/linux-2.6.18/fs/romfs"	0	2	7950.5	7836.5
"/local/scratch/rgr22/linux-2.6.18/fs/reiserfs"	0	27	31945.15	31984.45
"/local/scratch/rgr22/linux-2.6.18/fs/ramfs"	0	5	3083.6	3021.16
"/local/scratch/rgr22/linux-2.6.18/fs/qnx4"	0	9	3614.33	4549.4
"/local/scratch/rgr22/linux-2.6.18/fs/proc"	0	18	9847.83	13040.96
"/local/scratch/rgr22/linux-2.6.18/fs/partitions"	0	30	4949.17	8422.83
"/local/scratch/rgr22/linux-2.6.18/fs/openpromfs"	0	2	4813	4676
"/local/scratch/rgr22/linux-2.6.18/fs/ocfs2"	2	52	12711.85	17629.56
"/local/scratch/rgr22/linux-2.6.18/fs/ocfs2/dlm"	0	21	17824.38	22859.63
"/local/scratch/rgr22/linux-2.6.18/fs/ocfs2/cluster"	0	19	8891.42	14800.37
"/local/scratch/rgr22/linux-2.6.18/fs/ntfs"	0	46	23890.2	33471.61
"/local/scratch/rgr22/linux-2.6.18/fs/nls"	0	43	73746.72	193364.7
"/local/scratch/rgr22/linux-2.6.18/fs/nfsd"	0	23	20140.96	20554.25
"/local/scratch/rgr22/linux-2.6.18/fs/nfs_common"	0	2	3288.5	3135.5
"/local/scratch/rgr22/linux-2.6.18/fs/nfs"	0	35	19600.89	25391.1
"/local/scratch/rgr22/linux-2.6.18/fs/ncpfs"	0	15	10761.27	11388.63
"/local/scratch/rgr22/linux-2.6.18/fs/msdos"	0	2	8513	8402
"/local/scratch/rgr22/linux-2.6.18/fs/minix"	0	10	5382.5	4782.91
"/local/scratch/rgr22/linux-2.6.18/fs/lockd"	0	13	10862.92	6000.31
"/local/scratch/rgr22/linux-2.6.18/fs/jfs"	0	45	18920.56	29730.54
"/local/scratch/rgr22/linux-2.6.18/fs/jffs2"	0	47	12008.15	12028.32
"/local/scratch/rgr22/linux-2.6.18/fs/jffs"	0	8	22667.63	32124.75
"/local/scratch/rgr22/linux-2.6.18/fs/jbd"	0	7	28607.43	21061.45
"/local/scratch/rgr22/linux-2.6.18/fs/isofs"	0	12	7961.92	9928.86
"/local/scratch/rgr22/linux-2.6.18/fs/hugetlbfs"	0	2	10011	9899
"/local/scratch/rgr22/linux-2.6.18/fs/hppfs"	0	2	8739.5	8586.5
"/local/scratch/rgr22/linux-2.6.18/fs/hpfs"	0	16	10659.25	7495.73
"/local/scratch/rgr22/linux-2.6.18/fs/hostfs"	0	4	8709.25	8559.4
"/local/scratch/rgr22/linux-2.6.18/fs/hfsplus"	0	19	14751.68	25694.36
"/local/scratch/rgr22/linux-2.6.18/fs/hfs"	0	20	7590.15	4532.74
"/local/scratch/rgr22/linux-2.6.18/fs/fuse"	0	7	15902.14	10504.72
"/local/scratch/rgr22/linux-2.6.18/fs/freevxfs"	0	15	5153.33	2531.43
"/local/scratch/rgr22/linux-2.6.18/fs/fat"	0	7	15276.86	13490.87
"/local/scratch/rgr22/linux-2.6.18/fs/ext3"	0	22	19619.09	27423.25
"/local/scratch/rgr22/linux-2.6.18/fs/ext2"	0	21	9723.71	11742.05
"/local/scratch/rgr22/linux-2.6.18/fs/exportfs"	0	2	7378.5	7257.5
"/local/scratch/rgr22/linux-2.6.18/fs/efs"	0	7	3538.43	3250.13
"/local/scratch/rgr22/linux-2.6.18/fs/devpts"	0	2	2786.5	2646.5
"/local/scratch/rgr22/linux-2.6.18/fs/debugfs"	0	3	6596.33	4659.14
"/local/scratch/rgr22/linux-2.6.18/fs/cramfs"	0	4	5608	5484.26
"/local/scratch/rgr22/linux-2.6.18/fs/configfs"	0	8	8223.38	7644.8
"/local/scratch/rgr22/linux-2.6.18/fs/coda"	0	13	6946.46	6876.92
"/local/scratch/rgr22/linux-2.6.18/fs/cifs"	0	45	21194.98	29635.12
"/local/scratch/rgr22/linux-2.6.18/fs/bfs"	0	5	5239.6	4359.35
"/local/scratch/rgr22/linux-2.6.18/fs/befs"	0	18	5710.72	7745.02
"/local/scratch/rgr22/linux-2.6.18/fs/autofs4"	0	8	7783.25	6972.92
"/local/scratch/rgr22/linux-2.6.18/fs/autofs"	0	8	5022	4449.67
"/local/scratch/rgr22/linux-2.6.18/fs/afs"	0	36	7114.19	6732.36
"/local/scratch/rgr22/linux-2.6.18/fs/affs"	0	11	9535.73	6120.79
"/local/scratch/rgr22/linux-2.6.18/fs/adfs"	0	11	5076.36	3982.62
"/local/scratch/rgr22/linux-2.6.18/fs/9p"	0	24	6753.08	7073.06
"/local/scratch/rgr22/linux-2.6.18/drivers"	59	2	1793	564
"/local/scratch/rgr22/linux-2.6.18/drivers/zorro"	0	10	3633.1	4226.92
"/local/scratch/rgr22/linux-2.6.18/drivers/w1"	2	12	4820.33	6225.07
"/local/scratch/rgr22/linux-2.6.18/drivers/w1/slaves"	0	5	3163	2747.16
"/local/scratch/rgr22/linux-2.6.18/drivers/w1/masters"	0	5	8478	7905.45
"/local/scratch/rgr22/linux-2.6.18/drivers/video"	15	107	22453.92	21269.97
"/local/scratch/rgr22/linux-2.6.18/drivers/video/sis"	0	19	54531.16	83283.59
"/local/scratch/rgr22/linux-2.6.18/drivers/video/savage"	0	5	17088.6	24194.82
"/local/scratch/rgr22/linux-2.6.18/drivers/video/riva"	0	11	37149.27	54211.81
"/local/scratch/rgr22/linux-2.6.18/drivers/video/pnx4008"	0	6	6295.5	6620.2
"/local/scratch/rgr22/linux-2.6.18/drivers/video/nvidia"	0	12	13065.5	14984.89
"/local/scratch/rgr22/linux-2.6.18/drivers/video/mbx"	0	5	9046.6	6103.23
"/local/scratch/rgr22/linux-2.6.18/drivers/video/matrox"	0	20	14784.9	18712.82
"/local/scratch/rgr22/linux-2.6.18/drivers/video/logo"	0	17	47188.12	35837
"/local/scratch/rgr22/linux-2.6.18/drivers/video/kyro"	0	8	8511.13	6759.13
"/local/scratch/rgr22/linux-2.6.18/drivers/video/intelfb"	0	5	22713.6	19252.86
"/local/scratch/rgr22/linux-2.6.18/drivers/video/i810"	0	9	13430.89	16925.88
"/local/scratch/rgr22/linux-2.6.18/drivers/video/geode"	0	13	4863.69	3692.69
"/local/scratch/rgr22/linux-2.6.18/drivers/video/console"	0	31	34085.65	43900
"/local/scratch/rgr22/linux-2.6.18/drivers/video/backlight"	0	7	4428.14	2474.93
"/local/scratch/rgr22/linux-2.6.18/drivers/video/aty"	0	16	30304.69	33663.25
"/local/scratch/rgr22/linux-2.6.18/drivers/usb"	12	4	4612.75	3135.79
"/local/scratch/rgr22/linux-2.6.18/drivers/usb/storage"	0	36	12116.83	14301.41
"/local/scratch/rgr22/linux-2.6.18/drivers/usb/serial"	0	87	28809.74	29278.23
"/local/scratch/rgr22/linux-2.6.18/drivers/usb/net"	0	18	17822.33	10714.56
"/local/scratch/rgr22/linux-2.6.18/drivers/usb/mon"	0	7	3652.57	4229.56
"/local/scratch/rgr22/linux-2.6.18/drivers/usb/misc"	1	22	113809.95	246802.73
"/local/scratch/rgr22/linux-2.6.18/drivers/usb/misc/sisusbvga"	0	8	25157.88	26102.23
"/local/scratch/rgr22/linux-2.6.18/drivers/usb/input"	0	32	16318	15397.76
"/local/scratch/rgr22/linux-2.6.18/drivers/usb/image"	0	5	10215.6	11611.16
"/local/scratch/rgr22/linux-2.6.18/drivers/usb/host"	0	43	18816.81	22966.87
"/local/scratch/rgr22/linux-2.6.18/drivers/usb/gadget"	0	27	33174.15	30935.39
"/local/scratch/rgr22/linux-2.6.18/drivers/usb/core"	0	22	19417.14	21553.11
"/local/scratch/rgr22/linux-2.6.18/drivers/usb/class"	0	5	14143.4	15612.46
"/local/scratch/rgr22/linux-2.6.18/drivers/usb/atm"	0	8	18896.13	16336.71
"/local/scratch/rgr22/linux-2.6.18/drivers/telephony"	0	7	51457	109869.54
"/local/scratch/rgr22/linux-2.6.18/drivers/tc"	0	10	11522.6	15111.54
"/local/scratch/rgr22/linux-2.6.18/drivers/spi"	0	9	12610.33	10585.04
"/local/scratch/rgr22/linux-2.6.18/drivers/sn"	0	4	8893.25	8718.19
"/local/scratch/rgr22/linux-2.6.18/drivers/sh"	1	1	90	0
"/local/scratch/rgr22/linux-2.6.18/drivers/sh/superhyway"	0	3	2538	2594.92
"/local/scratch/rgr22/linux-2.6.18/drivers/serial"	2	66	24293.44	25169.52
"/local/scratch/rgr22/linux-2.6.18/drivers/serial/jsm"	0	5	16202	13093.27
"/local/scratch/rgr22/linux-2.6.18/drivers/serial/cpm_uart"	0	7	8270.86	10889.38
"/local/scratch/rgr22/linux-2.6.18/drivers/scsi"	11	236	39032.4	67262.04
"/local/scratch/rgr22/linux-2.6.18/drivers/scsi/sym53c8xx_2"	0	15	28539.87	35384.4
"/local/scratch/rgr22/linux-2.6.18/drivers/scsi/qla2xxx"	0	19	30631.95	29100.53
"/local/scratch/rgr22/linux-2.6.18/drivers/scsi/pcmcia"	0	13	10892.77	14739.06
"/local/scratch/rgr22/linux-2.6.18/drivers/scsi/megaraid"	0	11	25198.64	30887.3
"/local/scratch/rgr22/linux-2.6.18/drivers/scsi/lpfc"	0	20	32182.05	30673.43
"/local/scratch/rgr22/linux-2.6.18/drivers/scsi/ibmvscsi"	0	6	11682	16108.52
"/local/scratch/rgr22/linux-2.6.18/drivers/scsi/dpt"	0	6	9761.5	4473.28
"/local/scratch/rgr22/linux-2.6.18/drivers/scsi/arm"	0	19	15509.63	24266.65
"/local/scratch/rgr22/linux-2.6.18/drivers/scsi/aic7xxx_old"	0	8	16394.88	14712.5
"/local/scratch/rgr22/linux-2.6.18/drivers/scsi/aic7xxx"	1	42	38683.02	53041.19
"/local/scratch/rgr22/linux-2.6.18/drivers/scsi/aic7xxx/aicasm"	0	10	11623.1	11574.29
"/local/scratch/rgr22/linux-2.6.18/drivers/scsi/aacraid"	0	12	23150.42	21115.99
"/local/scratch/rgr22/linux-2.6.18/drivers/sbus"	1	3	3190.67	2681.54
"/local/scratch/rgr22/linux-2.6.18/drivers/sbus/char"	0	23	12950.52	13244.15
"/local/scratch/rgr22/linux-2.6.18/drivers/s390"	6	7	6606.43	4614.11
"/local/scratch/rgr22/linux-2.6.18/drivers/s390/scsi"	0	15	32462.4	40998.5
"/local/scratch/rgr22/linux-2.6.18/drivers/s390/net"	0	29	30553.14	51290.86
"/local/scratch/rgr22/linux-2.6.18/drivers/s390/crypto"	0	5	33406.4	38951.92
"/local/scratch/rgr22/linux-2.6.18/drivers/s390/cio"	0	25	15508.04	20924.92
"/local/scratch/rgr22/linux-2.6.18/drivers/s390/char"	0	40	12706.45	11781.08
"/local/scratch/rgr22/linux-2.6.18/drivers/s390/block"	0	22	16392.45	18666.98
"/local/scratch/rgr22/linux-2.6.18/drivers/rtc"	0	29	7439.17	3752.54
"/local/scratch/rgr22/linux-2.6.18/drivers/rapidio"	1	8	7569	8324.22
"/local/scratch/rgr22/linux-2.6.18/drivers/rapidio/switches"	0	2	1003	936
"/local/scratch/rgr22/linux-2.6.18/drivers/pnp"	3	12	5516.17	4949.91
"/local/scratch/rgr22/linux-2.6.18/drivers/pnp/pnpbios"	0	7	8402.86	6888.78
"/local/scratch/rgr22/linux-2.6.18/drivers/pnp/pnpacpi"	0	5	6569.2	9387.86
"/local/scratch/rgr22/linux-2.6.18/drivers/pnp/isapnp"	0	5	6824.4	10446.24
"/local/scratch/rgr22/linux-2.6.18/drivers/pcmcia"	0	66	10898.12	10436.31
"/local/scratch/rgr22/linux-2.6.18/drivers/pci"	2	25	11090.92	13305.24
"/local/scratch/rgr22/linux-2.6.18/drivers/pci/pcie"	0	6	3047.67	3546.05
"/local/scratch/rgr22/linux-2.6.18/drivers/pci/hotplug"	0	49	17908.73	17163.1
"/local/scratch/rgr22/linux-2.6.18/drivers/parport"	0	23	16664.91	21571.71
"/local/scratch/rgr22/linux-2.6.18/drivers/parisc"	0	24	15425.54	17521.82
"/local/scratch/rgr22/linux-2.6.18/drivers/oprofile"	0	13	3398.15	3464.88
"/local/scratch/rgr22/linux-2.6.18/drivers/nubus"	0	4	7983.5	10900.69
"/local/scratch/rgr22/linux-2.6.18/drivers/net"	23	251	41336.99	58886.34
"/local/scratch/rgr22/linux-2.6.18/drivers/net/wireless"	4	48	45448.04	67322.8
"/local/scratch/rgr22/linux-2.6.18/drivers/net/wireless/zd1211rw"	0	20	9109.5	11695.15
"/local/scratch/rgr22/linux-2.6.18/drivers/net/wireless/prism54"	0	16	13364.69	17700.16
"/local/scratch/rgr22/linux-2.6.18/drivers/net/wireless/hostap"	0	20	26596.65	31183.69
"/local/scratch/rgr22/linux-2.6.18/drivers/net/wireless/bcm43xx"	0	29	15460.48	24961
"/local/scratch/rgr22/linux-2.6.18/drivers/net/wan"	1	44	21268.84	22091.11
"/local/scratch/rgr22/linux-2.6.18/drivers/net/wan/lmc"	0	11	12858.36	19244.72
"/local/scratch/rgr22/linux-2.6.18/drivers/net/tulip"	0	19	35668.11	37840.95
"/local/scratch/rgr22/linux-2.6.18/drivers/net/tokenring"	0	22	40636.18	46306.99
"/local/scratch/rgr22/linux-2.6.18/drivers/net/skfp"	1	19	23255.74	20673.01
"/local/scratch/rgr22/linux-2.6.18/drivers/net/skfp/h"	0	20	12456.2	17912.78
"/local/scratch/rgr22/linux-2.6.18/drivers/net/sk98lin"	1	17	52394.18	57573.2
"/local/scratch/rgr22/linux-2.6.18/drivers/net/sk98lin/h"	0	23	14468.83	22691.69
"/local/scratch/rgr22/linux-2.6.18/drivers/net/phy"	0	13	5768.92	5481.74
"/local/scratch/rgr22/linux-2.6.18/drivers/net/pcmcia"	0	13	34572.62	22728.08
"/local/scratch/rgr22/linux-2.6.18/drivers/net/myri10ge"	0	4	22120.5	34262.26
"/local/scratch/rgr22/linux-2.6.18/drivers/net/ixp2000"	0	16	4013.06	3145.69
"/local/scratch/rgr22/linux-2.6.18/drivers/net/ixgb"	0	11	17878.73	17798.43
"/local/scratch/rgr22/linux-2.6.18/drivers/net/irda"	0	54	16524.09	17969.27
"/local/scratch/rgr22/linux-2.6.18/drivers/net/ibm_emac"	0	16	8766.94	13865.98
"/local/scratch/rgr22/linux-2.6.18/drivers/net/hamradio"	0	16	23666.94	12790.93
"/local/scratch/rgr22/linux-2.6.18/drivers/net/fs_enet"	0	10	9396.4	8416
"/local/scratch/rgr22/linux-2.6.18/drivers/net/fec_8xx"	0	6	8767.33	10240.38
"/local/scratch/rgr22/linux-2.6.18/drivers/net/e1000"	0	9	81202	100787.04
"/local/scratch/rgr22/linux-2.6.18/drivers/net/cris"	0	2	26777.5	26735.5
"/local/scratch/rgr22/linux-2.6.18/drivers/net/chelsio"	0	16	14362.88	13234.6
"/local/scratch/rgr22/linux-2.6.18/drivers/net/bonding"	0	8	39518.38	41940.64
"/local/scratch/rgr22/linux-2.6.18/drivers/net/arm"	0	11	13385.09	11815.72
"/local/scratch/rgr22/linux-2.6.18/drivers/net/arcnet"	0	13	10237.77	7505.85
"/local/scratch/rgr22/linux-2.6.18/drivers/net/appletalk"	0	10	11168.4	11836.21
"/local/scratch/rgr22/linux-2.6.18/drivers/mtd"	5	18	14919.56	8894.07
"/local/scratch/rgr22/linux-2.6.18/drivers/mtd/onenand"	0	5	12137.6	18344.82
"/local/scratch/rgr22/linux-2.6.18/drivers/mtd/nand"	0	22	15770.73	17158.46
"/local/scratch/rgr22/linux-2.6.18/drivers/mtd/maps"	0	67	5610.55	3946.08
"/local/scratch/rgr22/linux-2.6.18/drivers/mtd/devices"	0	17	14693.88	9776.66
"/local/scratch/rgr22/linux-2.6.18/drivers/mtd/chips"	0	17	19543.35	20596.27
"/local/scratch/rgr22/linux-2.6.18/drivers/mmc"	0	23	13164.26	12957.29
"/local/scratch/rgr22/linux-2.6.18/drivers/misc"	2	2	632	429
"/local/scratch/rgr22/linux-2.6.18/drivers/misc/ibmasm"	0	16	5029.38	3723.13
"/local/scratch/rgr22/linux-2.6.18/drivers/misc/hdpuftrs"	0	3	2633.33	2049.48
"/local/scratch/rgr22/linux-2.6.18/drivers/mfd"	0	9	5687.78	5109.66
"/local/scratch/rgr22/linux-2.6.18/drivers/message"	2	1	102	0
"/local/scratch/rgr22/linux-2.6.18/drivers/message/i2o"	0	19	14141.79	13539.02
"/local/scratch/rgr22/linux-2.6.18/drivers/message/fusion"	1	14	44213.71	50158.49
"/local/scratch/rgr22/linux-2.6.18/drivers/message/fusion/lsi"	0	15	30524.27	35887.64
"/local/scratch/rgr22/linux-2.6.18/drivers/media"	4	2	1351	1176
"/local/scratch/rgr22/linux-2.6.18/drivers/media/video"	13	130	20661.24	25328.7
"/local/scratch/rgr22/linux-2.6.18/drivers/media/video/zc0301"	0	7	11531	15790.3
"/local/scratch/rgr22/linux-2.6.18/drivers/media/video/usbvideo"	0	10	31324	34914.94
"/local/scratch/rgr22/linux-2.6.18/drivers/media/video/sn9c102"	0	13	12058.77	17389.9
"/local/scratch/rgr22/linux-2.6.18/drivers/media/video/saa7134"	0	17	24709.88	22626.92
"/local/scratch/rgr22/linux-2.6.18/drivers/media/video/pwc"	0	20	15498.95	19905.42
"/local/scratch/rgr22/linux-2.6.18/drivers/media/video/pvrusb2"	0	44	7925.89	13161.03
"/local/scratch/rgr22/linux-2.6.18/drivers/media/video/ovcamchip"	0	8	7345.5	3672.75
"/local/scratch/rgr22/linux-2.6.18/drivers/media/video/et61x251"	0	6	13368.83	22432.11
"/local/scratch/rgr22/linux-2.6.18/drivers/media/video/em28xx"	0	8	13711.88	14370.5
"/local/scratch/rgr22/linux-2.6.18/drivers/media/video/cx88"	0	17	20167.06	15333.82
"/local/scratch/rgr22/linux-2.6.18/drivers/media/video/cx25840"	0	7	8394.43	10296.11
"/local/scratch/rgr22/linux-2.6.18/drivers/media/video/cpia2"	0	9	21717.33	24802.24
"/local/scratch/rgr22/linux-2.6.18/drivers/media/video/bt8xx"	0	15	25156.4	42092.76
"/local/scratch/rgr22/linux-2.6.18/drivers/media/radio"	0	21	7604.05	3420.9
"/local/scratch/rgr22/linux-2.6.18/drivers/media/dvb"	10	2	771.5	603.5
"/local/scratch/rgr22/linux-2.6.18/drivers/media/dvb/ttusb-dec"	0	5	10194.2	15621.53
"/local/scratch/rgr22/linux-2.6.18/drivers/media/dvb/ttusb-budget"	0	4	31184.25	33440.81
"/local/scratch/rgr22/linux-2.6.18/drivers/media/dvb/ttpci"	0	23	15713.13	18623.58
"/local/scratch/rgr22/linux-2.6.18/drivers/media/dvb/pluto2"	0	3	6739.67	9095.73
"/local/scratch/rgr22/linux-2.6.18/drivers/media/dvb/frontends"	0	74	8560.85	8776.58
"/local/scratch/rgr22/linux-2.6.18/drivers/media/dvb/dvb-usb"	0	34	5702.35	3798.88
"/local/scratch/rgr22/linux-2.6.18/drivers/media/dvb/dvb-core"	0	21	12080.57	13761.76
"/local/scratch/rgr22/linux-2.6.18/drivers/media/dvb/cinergyT2"	0	3	10449.67	12777.21
"/local/scratch/rgr22/linux-2.6.18/drivers/media/dvb/bt8xx"	0	11	11767.27	15171.38
"/local/scratch/rgr22/linux-2.6.18/drivers/media/dvb/b2c2"	0	18	7048.17	5178.94
"/local/scratch/rgr22/linux-2.6.18/drivers/media/common"	0	10	16786.6	13279.73
"/local/scratch/rgr22/linux-2.6.18/drivers/md"	1	53	15412.58	25827.95
"/local/scratch/rgr22/linux-2.6.18/drivers/md/raid6test"	0	2	2163.5	469.5
"/local/scratch/rgr22/linux-2.6.18/drivers/mca"	0	7	4186.71	3298.89
"/local/scratch/rgr22/linux-2.6.18/drivers/macintosh"	0	40	13840.83	14655.3
"/local/scratch/rgr22/linux-2.6.18/drivers/leds"	0	17	3099.65	1594.08
"/local/scratch/rgr22/linux-2.6.18/drivers/isdn"	12	2	1378.5	822.5
"/local/scratch/rgr22/linux-2.6.18/drivers/isdn/sc"	0	17	5098.35	4361.55
"/local/scratch/rgr22/linux-2.6.18/drivers/isdn/pcbit"	0	13	6983.46	6633.56
"/local/scratch/rgr22/linux-2.6.18/drivers/isdn/isdnloop"	0	3	14301.33	17349.71
"/local/scratch/rgr22/linux-2.6.18/drivers/isdn/icn"	0	4	13281.25	17558.79
"/local/scratch/rgr22/linux-2.6.18/drivers/isdn/i4l"	0	21	21320.05	30738.4
"/local/scratch/rgr22/linux-2.6.18/drivers/isdn/hysdn"	0	14	9286.5	6292.89
"/local/scratch/rgr22/linux-2.6.18/drivers/isdn/hisax"	0	102	14856.31	16203.75
"/local/scratch/rgr22/linux-2.6.18/drivers/isdn/hardware"	2	2	165.5	22.5
"/local/scratch/rgr22/linux-2.6.18/drivers/isdn/hardware/eicon"	0	84	16340.6	53629.27
"/local/scratch/rgr22/linux-2.6.18/drivers/isdn/hardware/avm"	0	12	12569.5	9359.4
"/local/scratch/rgr22/linux-2.6.18/drivers/isdn/gigaset"	0	12	24525.67	20022.86
"/local/scratch/rgr22/linux-2.6.18/drivers/isdn/divert"	0	5	8651	9471.36
"/local/scratch/rgr22/linux-2.6.18/drivers/isdn/capi"	0	12	14628	18738.99
"/local/scratch/rgr22/linux-2.6.18/drivers/isdn/act2000"	0	8	11454.38	10328.09
"/local/scratch/rgr22/linux-2.6.18/drivers/input"	7	9	12013.44	9077.53
"/local/scratch/rgr22/linux-2.6.18/drivers/input/touchscreen"	0	10	7504.4	6200.42
"/local/scratch/rgr22/linux-2.6.18/drivers/input/serio"	0	26	8689.65	8131.16
"/local/scratch/rgr22/linux-2.6.18/drivers/input/mouse"	0	22	7853.86	8429.93
"/local/scratch/rgr22/linux-2.6.18/drivers/input/misc"	0	9	7656.33	6611.41
"/local/scratch/rgr22/linux-2.6.18/drivers/input/keyboard"	0	15	10123.13	7609.11
"/local/scratch/rgr22/linux-2.6.18/drivers/input/joystick"	1	24	10466.75	5831.19
"/local/scratch/rgr22/linux-2.6.18/drivers/input/joystick/iforce"	0	8	7179.25	5333.32
"/local/scratch/rgr22/linux-2.6.18/drivers/input/gameport"	0	7	6347.29	6203.79
"/local/scratch/rgr22/linux-2.6.18/drivers/infiniband"	3	2	837	586
"/local/scratch/rgr22/linux-2.6.18/drivers/infiniband/ulp"	3	0	0	0
"/local/scratch/rgr22/linux-2.6.18/drivers/infiniband/ulp/srp"	0	4	13926.75	21513.04
"/local/scratch/rgr22/linux-2.6.18/drivers/infiniband/ulp/iser"	0	7	12338	8533.25
"/local/scratch/rgr22/linux-2.6.18/drivers/infiniband/ulp/ipoib"	0	9	11670	9991.76
"/local/scratch/rgr22/linux-2.6.18/drivers/infiniband/hw"	2	0	0	0
"/local/scratch/rgr22/linux-2.6.18/drivers/infiniband/hw/mthca"	0	29	14562.03	15756.83
"/local/scratch/rgr22/linux-2.6.18/drivers/infiniband/hw/ipath"	0	35	20585.23	15885.36
"/local/scratch/rgr22/linux-2.6.18/drivers/infiniband/core"	0	29	20535.72	23228.26
"/local/scratch/rgr22/linux-2.6.18/drivers/ieee1394"	0	45	24263.58	36836.56
"/local/scratch/rgr22/linux-2.6.18/drivers/ide"	7	19	38882.42	39024.35
"/local/scratch/rgr22/linux-2.6.18/drivers/ide/ppc"	0	2	38197	17952
"/local/scratch/rgr22/linux-2.6.18/drivers/ide/pci"	0	32	15409.31	9308.71
"/local/scratch/rgr22/linux-2.6.18/drivers/ide/mips"	0	3	8776.67	8779.75
"/local/scratch/rgr22/linux-2.6.18/drivers/ide/legacy"	0	14	7225.21	5412.9
"/local/scratch/rgr22/linux-2.6.18/drivers/ide/h8300"	0	1	2326	0
"/local/scratch/rgr22/linux-2.6.18/drivers/ide/cris"	0	2	14657	14599
"/local/scratch/rgr22/linux-2.6.18/drivers/ide/arm"	0	5	5056.6	7507.85
"/local/scratch/rgr22/linux-2.6.18/drivers/i2c"	3	4	11861.25	12233.18
"/local/scratch/rgr22/linux-2.6.18/drivers/i2c/chips"	0	12	11182.25	11221.03
"/local/scratch/rgr22/linux-2.6.18/drivers/i2c/busses"	0	47	9096.89	5373.15
"/local/scratch/rgr22/linux-2.6.18/drivers/i2c/algos"	0	11	7508.64	6376.91
"/local/scratch/rgr22/linux-2.6.18/drivers/hwmon"	0	46	23514.67	14889.79
"/local/scratch/rgr22/linux-2.6.18/drivers/firmware"	0	10	9666.9	7894.59
"/local/scratch/rgr22/linux-2.6.18/drivers/fc4"	0	12	9353.33	10479.29
"/local/scratch/rgr22/linux-2.6.18/drivers/eisa"	0	7	10168.14	18717.23
"/local/scratch/rgr22/linux-2.6.18/drivers/edac"	0	10	15438.9	13179.23
"/local/scratch/rgr22/linux-2.6.18/drivers/dma"	0	9	6446.67	7027.93
"/local/scratch/rgr22/linux-2.6.18/drivers/dio"	0	4	3577.5	3050.52
"/local/scratch/rgr22/linux-2.6.18/drivers/crypto"	0	5	3533.4	5562.74
"/local/scratch/rgr22/linux-2.6.18/drivers/cpufreq"	0	10	10133.9	12048.88
"/local/scratch/rgr22/linux-2.6.18/drivers/connector"	0	5	4609.8	4130.71
"/local/scratch/rgr22/linux-2.6.18/drivers/clocksource"	0	4	2706.25	1612.39
"/local/scratch/rgr22/linux-2.6.18/drivers/char"	11	120	28451.45	38645.65
"/local/scratch/rgr22/linux-2.6.18/drivers/char/watchdog"	0	48	9799.54	5597.69
"/local/scratch/rgr22/linux-2.6.18/drivers/char/tpm"	0	10	9641.2	7924.56
"/local/scratch/rgr22/linux-2.6.18/drivers/char/rio"	0	39	10547.44	11960.25
"/local/scratch/rgr22/linux-2.6.18/drivers/char/pcmcia"	0	6	31947	42738.63
"/local/scratch/rgr22/linux-2.6.18/drivers/char/mwave"	0	11	9951.45	7906.59
"/local/scratch/rgr22/linux-2.6.18/drivers/char/ipmi"	0	11	27015.55	30570.36
"/local/scratch/rgr22/linux-2.6.18/drivers/char/ip2"	0	17	30433.53	44939.52
"/local/scratch/rgr22/linux-2.6.18/drivers/char/hw_random"	0	9	3560.11	1940.72
"/local/scratch/rgr22/linux-2.6.18/drivers/char/ftape"	3	4	14923.75	16621.69
"/local/scratch/rgr22/linux-2.6.18/drivers/char/ftape/zftape"	0	18	7958.83	9658.81
"/local/scratch/rgr22/linux-2.6.18/drivers/char/ftape/lowlevel"	0	35	8969.23	10430.92
"/local/scratch/rgr22/linux-2.6.18/drivers/char/ftape/compressor"	0	5	20037.2	16967.53
"/local/scratch/rgr22/linux-2.6.18/drivers/char/drm"	0	105	15672.67	22515.97
"/local/scratch/rgr22/linux-2.6.18/drivers/char/agp"	0	22	15052.41	10603.63
"/local/scratch/rgr22/linux-2.6.18/drivers/cdrom"	0	24	33326.58	39917.99
"/local/scratch/rgr22/linux-2.6.18/drivers/bluetooth"	0	16	12480.31	7949.9
"/local/scratch/rgr22/linux-2.6.18/drivers/block"	2	34	40686.62	51842.19
"/local/scratch/rgr22/linux-2.6.18/drivers/block/paride"	0	29	8762.48	7182.57
"/local/scratch/rgr22/linux-2.6.18/drivers/block/aoe"	0	8	5099.75	4422.96
"/local/scratch/rgr22/linux-2.6.18/drivers/base"	1	23	7872.43	6374.7
"/local/scratch/rgr22/linux-2.6.18/drivers/base/power"	0	9	2810.11	1892.98
"/local/scratch/rgr22/linux-2.6.18/drivers/atm"	0	47	30691.6	31915.98
"/local/scratch/rgr22/linux-2.6.18/drivers/amba"	0	2	4383	4366
"/local/scratch/rgr22/linux-2.6.18/drivers/acpi"	10	42	17145.93	12797.61
"/local/scratch/rgr22/linux-2.6.18/drivers/acpi/utilities"	0	16	15000.31	7370.61
"/local/scratch/rgr22/linux-2.6.18/drivers/acpi/tables"	0	9	12171.56	5485.52
"/local/scratch/rgr22/linux-2.6.18/drivers/acpi/sleep"	0	6	4296.5	4021.67
"/local/scratch/rgr22/linux-2.6.18/drivers/acpi/resources"	0	13	12549.23	6614.38
"/local/scratch/rgr22/linux-2.6.18/drivers/acpi/parser"	0	10	13099.3	9346.75
"/local/scratch/rgr22/linux-2.6.18/drivers/acpi/namespace"	0	17	12192.65	6661.36
"/local/scratch/rgr22/linux-2.6.18/drivers/acpi/hardware"	0	6	11002.17	7950.65
"/local/scratch/rgr22/linux-2.6.18/drivers/acpi/executer"	0	24	14969.29	6891.44
"/local/scratch/rgr22/linux-2.6.18/drivers/acpi/events"	0	11	17027.73	10043.35
"/local/scratch/rgr22/linux-2.6.18/drivers/acpi/dispatcher"	0	12	18788.42	9584.53
"/local/scratch/rgr22/linux-2.6.18/drivers/acorn"	2	1	49	0
"/local/scratch/rgr22/linux-2.6.18/drivers/acorn/char"	0	5	6209.4	5873.87
"/local/scratch/rgr22/linux-2.6.18/drivers/acorn/block"	0	6	15357.17	18767.92
"/local/scratch/rgr22/linux-2.6.18/crypto"	0	35	17645.6	21999.61
"/local/scratch/rgr22/linux-2.6.18/block"	0	13	23626.77	28233.32
"/local/scratch/rgr22/linux-2.6.18/arch"	24	0	0	0
"/local/scratch/rgr22/linux-2.6.18/arch/xtensa"	6	3	3390.33	3078.24
"/local/scratch/rgr22/linux-2.6.18/arch/xtensa/platform-iss"	0	5	5533.6	6450.58
"/local/scratch/rgr22/linux-2.6.18/arch/xtensa/mm"	0	6	7062.5	5626.3
"/local/scratch/rgr22/linux-2.6.18/arch/xtensa/lib"	0	9	5348.33	3233.78
"/local/scratch/rgr22/linux-2.6.18/arch/xtensa/kernel"	0	23	8997	9313.3
"/local/scratch/rgr22/linux-2.6.18/arch/xtensa/configs"	0	2	10692	1279
"/local/scratch/rgr22/linux-2.6.18/arch/xtensa/boot"	4	1	789	0
"/local/scratch/rgr22/linux-2.6.18/arch/xtensa/boot/ramdisk"	0	1	634	0
"/local/scratch/rgr22/linux-2.6.18/arch/xtensa/boot/lib"	0	2	1162	822
"/local/scratch/rgr22/linux-2.6.18/arch/xtensa/boot/boot-redboot"	0	3	2186.67	1814.83
"/local/scratch/rgr22/linux-2.6.18/arch/xtensa/boot/boot-elf"	0	3	936	355.68
"/local/scratch/rgr22/linux-2.6.18/arch/x86_64"	8	4	13624.5	11862.92
"/local/scratch/rgr22/linux-2.6.18/arch/x86_64/pci"	0	3	2784.67	2047.29
"/local/scratch/rgr22/linux-2.6.18/arch/x86_64/oprofile"	0	2	493.5	55.5
"/local/scratch/rgr22/linux-2.6.18/arch/x86_64/mm"	0	10	8078.9	6788.59
"/local/scratch/rgr22/linux-2.6.18/arch/x86_64/lib"	0	19	2192.74	1562.92
"/local/scratch/rgr22/linux-2.6.18/arch/x86_64/kernel"	2	60	11113.03	11558.93
"/local/scratch/rgr22/linux-2.6.18/arch/x86_64/kernel/cpufreq"	0	2	1489	911
"/local/scratch/rgr22/linux-2.6.18/arch/x86_64/kernel/acpi"	0	3	5256	4750.63
"/local/scratch/rgr22/linux-2.6.18/arch/x86_64/ia32"	0	18	6921.78	7013.86
"/local/scratch/rgr22/linux-2.6.18/arch/x86_64/crypto"	0	3	4545	3494.8
"/local/scratch/rgr22/linux-2.6.18/arch/x86_64/boot"	2	7	10105.71	14607.29
"/local/scratch/rgr22/linux-2.6.18/arch/x86_64/boot/tools"	0	2	2347.5	2341.5
"/local/scratch/rgr22/linux-2.6.18/arch/x86_64/boot/compressed"	0	4	3243.5	3424.04
"/local/scratch/rgr22/linux-2.6.18/arch/v850"	3	4	2710.5	2589.87
"/local/scratch/rgr22/linux-2.6.18/arch/v850/lib"	0	9	1692	979.73
"/local/scratch/rgr22/linux-2.6.18/arch/v850/kernel"	0	57	4495.88	6134.92
"/local/scratch/rgr22/linux-2.6.18/arch/v850/configs"	0	3	9078.33	1602.12
"/local/scratch/rgr22/linux-2.6.18/arch/um"	9	17	3424.47	3862.9
"/local/scratch/rgr22/linux-2.6.18/arch/um/sys-x86_64"	0	19	1792.53	2072.73
"/local/scratch/rgr22/linux-2.6.18/arch/um/sys-ppc"	0	7	1397.57	586.33
"/local/scratch/rgr22/linux-2.6.18/arch/um/sys-ia64"	0	1	152	0
"/local/scratch/rgr22/linux-2.6.18/arch/um/sys-i386"	0	19	4244.89	4283.79
"/local/scratch/rgr22/linux-2.6.18/arch/um/scripts"	0	1	1254	0
"/local/scratch/rgr22/linux-2.6.18/arch/um/os-Linux"	5	22	4837.95	3719.88
"/local/scratch/rgr22/linux-2.6.18/arch/um/os-Linux/sys-x86_64"	0	2	1145.5	964.5
"/local/scratch/rgr22/linux-2.6.18/arch/um/os-Linux/sys-i386"	0	3	1437	1337.85
"/local/scratch/rgr22/linux-2.6.18/arch/um/os-Linux/skas"	0	4	5942.25	5826.2
"/local/scratch/rgr22/linux-2.6.18/arch/um/os-Linux/include"	0	1	535	0
"/local/scratch/rgr22/linux-2.6.18/arch/um/os-Linux/drivers"	0	7	2468.14	2073.89
"/local/scratch/rgr22/linux-2.6.18/arch/um/kernel"	2	31	3970.87	3745.86
"/local/scratch/rgr22/linux-2.6.18/arch/um/kernel/tt"	2	16	3062.19	3457.66
"/local/scratch/rgr22/linux-2.6.18/arch/um/kernel/tt/ptproxy"	0	8	2842.75	2920.21
"/local/scratch/rgr22/linux-2.6.18/arch/um/kernel/tt/include"	0	2	1422.5	458.5
"/local/scratch/rgr22/linux-2.6.18/arch/um/kernel/skas"	0	9	2401.89	1910.87
"/local/scratch/rgr22/linux-2.6.18/arch/um/include"	6	46	1450.83	1872.42
"/local/scratch/rgr22/linux-2.6.18/arch/um/include/tt"	0	6	891.33	509.8
"/local/scratch/rgr22/linux-2.6.18/arch/um/include/sysdep-x86_64"	0	13	1888.15	2173.66
"/local/scratch/rgr22/linux-2.6.18/arch/um/include/sysdep-ppc"	0	4	1698.25	997.78
"/local/scratch/rgr22/linux-2.6.18/arch/um/include/sysdep-ia64"	0	4	504.25	78.61
"/local/scratch/rgr22/linux-2.6.18/arch/um/include/sysdep-i386"	0	13	1828.31	1944.55
"/local/scratch/rgr22/linux-2.6.18/arch/um/include/skas"	0	8	582.75	365.1
"/local/scratch/rgr22/linux-2.6.18/arch/um/drivers"	0	50	4815.5	6082.53
"/local/scratch/rgr22/linux-2.6.18/arch/sparc64"	8	4	11302.75	11760.69
"/local/scratch/rgr22/linux-2.6.18/arch/sparc64/solaris"	0	14	10335.07	8090.27
"/local/scratch/rgr22/linux-2.6.18/arch/sparc64/prom"	0	10	2772.9	2444.07
"/local/scratch/rgr22/linux-2.6.18/arch/sparc64/oprofile"	0	3	359.33	74.67
"/local/scratch/rgr22/linux-2.6.18/arch/sparc64/mm"	0	8	13764.88	14902.64
"/local/scratch/rgr22/linux-2.6.18/arch/sparc64/math-emu"	0	3	6693	6623.39
"/local/scratch/rgr22/linux-2.6.18/arch/sparc64/lib"	0	40	3023.2	3597.88
"/local/scratch/rgr22/linux-2.6.18/arch/sparc64/kernel"	0	71	14892.01	15080.98
"/local/scratch/rgr22/linux-2.6.18/arch/sparc64/boot"	0	3	1621.33	1594.57
"/local/scratch/rgr22/linux-2.6.18/arch/sparc"	6	4	5931.25	5031.34
"/local/scratch/rgr22/linux-2.6.18/arch/sparc/prom"	0	15	2901.87	2158.79
"/local/scratch/rgr22/linux-2.6.18/arch/sparc/mm"	0	18	12893.89	19593.22
"/local/scratch/rgr22/linux-2.6.18/arch/sparc/math-emu"	0	4	5531.5	7120.52
"/local/scratch/rgr22/linux-2.6.18/arch/sparc/lib"	0	32	5054.28	6034.31
"/local/scratch/rgr22/linux-2.6.18/arch/sparc/kernel"	0	54	10491.57	9784.5
"/local/scratch/rgr22/linux-2.6.18/arch/sparc/boot"	0	3	5978.67	4074.23
"/local/scratch/rgr22/linux-2.6.18/arch/sh64"	10	3	3181	1614.4
"/local/scratch/rgr22/linux-2.6.18/arch/sh64/oprofile"	0	3	425.67	88.39
"/local/scratch/rgr22/linux-2.6.18/arch/sh64/mm"	0	9	9555	10187.17
"/local/scratch/rgr22/linux-2.6.18/arch/sh64/mach-sim"	0	2	2370	2042
"/local/scratch/rgr22/linux-2.6.18/arch/sh64/mach-romram"	0	2	2065	1736
"/local/scratch/rgr22/linux-2.6.18/arch/sh64/mach-harp"	0	2	2017.5	1693.5
"/local/scratch/rgr22/linux-2.6.18/arch/sh64/mach-cayman"	0	5	2656	2598.94
"/local/scratch/rgr22/linux-2.6.18/arch/sh64/lib"	0	11	3219.73	3095.15
"/local/scratch/rgr22/linux-2.6.18/arch/sh64/kernel"	0	30	8877.43	10094.1
"/local/scratch/rgr22/linux-2.6.18/arch/sh64/configs"	0	1	16439	0
"/local/scratch/rgr22/linux-2.6.18/arch/sh64/boot"	1	1	463	0
"/local/scratch/rgr22/linux-2.6.18/arch/sh64/boot/compressed"	0	6	2499.17	1764.91
"/local/scratch/rgr22/linux-2.6.18/arch/sh"	10	3	8796.67	6116.3
"/local/scratch/rgr22/linux-2.6.18/arch/sh/tools"	0	3	770.67	420.34
"/local/scratch/rgr22/linux-2.6.18/arch/sh/oprofile"	0	4	2156.75	2963.01
"/local/scratch/rgr22/linux-2.6.18/arch/sh/mm"	0	22	3526.59	2563.04
"/local/scratch/rgr22/linux-2.6.18/arch/sh/lib"	0	13	2673.85	4218.07
"/local/scratch/rgr22/linux-2.6.18/arch/sh/kernel"	2	28	6778.82	8114.35
"/local/scratch/rgr22/linux-2.6.18/arch/sh/kernel/timers"	0	3	2237.33	2386.68
"/local/scratch/rgr22/linux-2.6.18/arch/sh/kernel/cpu"	4	6	2680.17	2162.97
"/local/scratch/rgr22/linux-2.6.18/arch/sh/kernel/cpu/sh4"	0	10	4856.7	4011.97
"/local/scratch/rgr22/linux-2.6.18/arch/sh/kernel/cpu/sh3"	0	7	2381.29	1413.2
"/local/scratch/rgr22/linux-2.6.18/arch/sh/kernel/cpu/sh2"	0	2	459	389
"/local/scratch/rgr22/linux-2.6.18/arch/sh/kernel/cpu/irq"	0	5	4308.8	3025.93
"/local/scratch/rgr22/linux-2.6.18/arch/sh/drivers"	3	1	160	0
"/local/scratch/rgr22/linux-2.6.18/arch/sh/drivers/superhyway"	0	2	2164.5	2029.5
"/local/scratch/rgr22/linux-2.6.18/arch/sh/drivers/pci"	0	17	5175.29	5724.75
"/local/scratch/rgr22/linux-2.6.18/arch/sh/drivers/dma"	0	9	3586	2280.78
"/local/scratch/rgr22/linux-2.6.18/arch/sh/configs"	0	14	12886.79	3102.8
"/local/scratch/rgr22/linux-2.6.18/arch/sh/cchips"	2	1	2565	0
"/local/scratch/rgr22/linux-2.6.18/arch/sh/cchips/voyagergx"	0	4	2241.25	1943.52
"/local/scratch/rgr22/linux-2.6.18/arch/sh/cchips/hd6446x"	2	0	0	0
"/local/scratch/rgr22/linux-2.6.18/arch/sh/cchips/hd6446x/hd64465"	0	4	3932.75	2341.12
"/local/scratch/rgr22/linux-2.6.18/arch/sh/cchips/hd6446x/hd64461"	0	3	2692.67	1871.38
"/local/scratch/rgr22/linux-2.6.18/arch/sh/boot"	1	1	461	0
"/local/scratch/rgr22/linux-2.6.18/arch/sh/boot/compressed"	0	5	2028.2	1770.2
"/local/scratch/rgr22/linux-2.6.18/arch/sh/boards"	19	0	0	0
"/local/scratch/rgr22/linux-2.6.18/arch/sh/boards/unknown"	0	2	390.5	332.5
"/local/scratch/rgr22/linux-2.6.18/arch/sh/boards/superh"	1	0	0	0
"/local/scratch/rgr22/linux-2.6.18/arch/sh/boards/superh/microdev"	0	5	6332.2	4871.3
"/local/scratch/rgr22/linux-2.6.18/arch/sh/boards/snapgear"	0	4	5168.5	3530.02
"/local/scratch/rgr22/linux-2.6.18/arch/sh/boards/sh2000"	0	2	796.5	717.5
"/local/scratch/rgr22/linux-2.6.18/arch/sh/boards/sh03"	0	4	1588.5	1419.01
"/local/scratch/rgr22/linux-2.6.18/arch/sh/boards/se"	4	0	0	0
"/local/scratch/rgr22/linux-2.6.18/arch/sh/boards/se/7751"	0	7	3082.29	2379.03
"/local/scratch/rgr22/linux-2.6.18/arch/sh/boards/se/770x"	0	6	2020.67	1555.68
"/local/scratch/rgr22/linux-2.6.18/arch/sh/boards/se/73180"	0	5	2191.2	1750.32
"/local/scratch/rgr22/linux-2.6.18/arch/sh/boards/se/7300"	0	5	1747.6	1709.31
"/local/scratch/rgr22/linux-2.6.18/arch/sh/boards/saturn"	0	5	968.6	748.26
"/local/scratch/rgr22/linux-2.6.18/arch/sh/boards/renesas"	4	0	0	0
"/local/scratch/rgr22/linux-2.6.18/arch/sh/boards/renesas/systemh"	0	4	3157	2663.65
"/local/scratch/rgr22/linux-2.6.18/arch/sh/boards/renesas/rts7751r2d"	0	6	2698.33	3018.06
"/local/scratch/rgr22/linux-2.6.18/arch/sh/boards/renesas/hs7751rvoip"	0	7	3081.86	2961.21
"/local/scratch/rgr22/linux-2.6.18/arch/sh/boards/renesas/edosk7705"	0	3	1333.67	968.84
"/local/scratch/rgr22/linux-2.6.18/arch/sh/boards/overdrive"	0	9	3609	4445.32
"/local/scratch/rgr22/linux-2.6.18/arch/sh/boards/mpc1211"	0	5	3871.8	2988.07
"/local/scratch/rgr22/linux-2.6.18/arch/sh/boards/hp6xx"	0	3	811.33	522.93
"/local/scratch/rgr22/linux-2.6.18/arch/sh/boards/harp"	0	6	1458.33	853.52
"/local/scratch/rgr22/linux-2.6.18/arch/sh/boards/ec3104"	0	4	2211.25	1932.51
"/local/scratch/rgr22/linux-2.6.18/arch/sh/boards/dreamcast"	0	4	2348	1806.54
"/local/scratch/rgr22/linux-2.6.18/arch/sh/boards/dmida"	0	2	724.5	609.5
"/local/scratch/rgr22/linux-2.6.18/arch/sh/boards/cqreek"	0	3	1821.67	1276.1
"/local/scratch/rgr22/linux-2.6.18/arch/sh/boards/cat68701"	0	3	857	761.83
"/local/scratch/rgr22/linux-2.6.18/arch/sh/boards/bigsur"	0	5	4010.8	4243.33
"/local/scratch/rgr22/linux-2.6.18/arch/sh/boards/adx"	0	4	1179.25	997.2
"/local/scratch/rgr22/linux-2.6.18/arch/s390"	9	4	8039	6507.58
"/local/scratch/rgr22/linux-2.6.18/arch/s390/oprofile"	0	4	759.25	599.27
"/local/scratch/rgr22/linux-2.6.18/arch/s390/mm"	0	7	7466.43	5124.68
"/local/scratch/rgr22/linux-2.6.18/arch/s390/math-emu"	0	4	20194.75	32128.82
"/local/scratch/rgr22/linux-2.6.18/arch/s390/lib"	0	6	3571.33	2736.86
"/local/scratch/rgr22/linux-2.6.18/arch/s390/kernel"	0	46	10319.91	11007.85
"/local/scratch/rgr22/linux-2.6.18/arch/s390/hypfs"	0	5	5984.2	7003.49
"/local/scratch/rgr22/linux-2.6.18/arch/s390/crypto"	0	9	5380.22	4179.59
"/local/scratch/rgr22/linux-2.6.18/arch/s390/boot"	0	2	734.5	237.5
"/local/scratch/rgr22/linux-2.6.18/arch/s390/appldata"	0	6	6927.67	6071.89
"/local/scratch/rgr22/linux-2.6.18/arch/ppc"	12	3	15093.33	17003.73
"/local/scratch/rgr22/linux-2.6.18/arch/ppc/xmon"	0	12	15451.08	31949.14
"/local/scratch/rgr22/linux-2.6.18/arch/ppc/syslib"	0	81	8142.23	10182.18
"/local/scratch/rgr22/linux-2.6.18/arch/ppc/platforms"	3	76	7483.74	9373.61
"/local/scratch/rgr22/linux-2.6.18/arch/ppc/platforms/85xx"	0	19	4235.05	4141.56
"/local/scratch/rgr22/linux-2.6.18/arch/ppc/platforms/83xx"	0	3	3392.67	3661.81
"/local/scratch/rgr22/linux-2.6.18/arch/ppc/platforms/4xx"	1	54	4274.2	2672.45
"/local/scratch/rgr22/linux-2.6.18/arch/ppc/platforms/4xx/xparameters"	0	3	8289.33	5224.36
"/local/scratch/rgr22/linux-2.6.18/arch/ppc/mm"	0	14	6539	5185.54
"/local/scratch/rgr22/linux-2.6.18/arch/ppc/lib"	0	7	5570.86	5500.44
"/local/scratch/rgr22/linux-2.6.18/arch/ppc/kernel"	0	27	14032.37	10676.16
"/local/scratch/rgr22/linux-2.6.18/arch/ppc/configs"	0	56	13290.93	4885.13
"/local/scratch/rgr22/linux-2.6.18/arch/ppc/boot"	7	2	1391.5	383.5
"/local/scratch/rgr22/linux-2.6.18/arch/ppc/boot/utils"	0	4	4033.5	2170.55
"/local/scratch/rgr22/linux-2.6.18/arch/ppc/boot/simple"	1	30	4646.67	4257.3
"/local/scratch/rgr22/linux-2.6.18/arch/ppc/boot/simple/rw4"	0	4	25768	19959.8
"/local/scratch/rgr22/linux-2.6.18/arch/ppc/boot/of1275"	0	13	845.77	563.27
"/local/scratch/rgr22/linux-2.6.18/arch/ppc/boot/lib"	0	4	6515	7148.9
"/local/scratch/rgr22/linux-2.6.18/arch/ppc/boot/include"	0	8	5163.75	7225.56
"/local/scratch/rgr22/linux-2.6.18/arch/ppc/boot/images"	0	1	993	0
"/local/scratch/rgr22/linux-2.6.18/arch/ppc/boot/common"	0	8	3235.5	3061.64
"/local/scratch/rgr22/linux-2.6.18/arch/ppc/amiga"	0	11	4171.36	7198.49
"/local/scratch/rgr22/linux-2.6.18/arch/ppc/8xx_io"	0	8	22982.25	24076.96
"/local/scratch/rgr22/linux-2.6.18/arch/ppc/8260_io"	0	4	23016.25	26737.69
"/local/scratch/rgr22/linux-2.6.18/arch/ppc/4xx_io"	0	2	31126.5	31025.5
"/local/scratch/rgr22/linux-2.6.18/arch/powerpc"	10	3	12502	10158.79
"/local/scratch/rgr22/linux-2.6.18/arch/powerpc/xmon"	0	10	29380.3	62395.09
"/local/scratch/rgr22/linux-2.6.18/arch/powerpc/sysdev"	0	16	7254.44	8228.35
"/local/scratch/rgr22/linux-2.6.18/arch/powerpc/platforms"	14	1	490	0
"/local/scratch/rgr22/linux-2.6.18/arch/powerpc/platforms/pseries"	0	26	8058.27	7002.77
"/local/scratch/rgr22/linux-2.6.18/arch/powerpc/platforms/prep"	0	1	919	0
"/local/scratch/rgr22/linux-2.6.18/arch/powerpc/platforms/powermac"	0	21	17266.14	17758.36
"/local/scratch/rgr22/linux-2.6.18/arch/powerpc/platforms/maple"	0	5	5328.2	4922.15
"/local/scratch/rgr22/linux-2.6.18/arch/powerpc/platforms/iseries"	0	33	5967.55	7155.44
"/local/scratch/rgr22/linux-2.6.18/arch/powerpc/platforms/embedded6xx"	0	4	3946.75	3534.23
"/local/scratch/rgr22/linux-2.6.18/arch/powerpc/platforms/chrp"	0	8	4570.5	4534.91
"/local/scratch/rgr22/linux-2.6.18/arch/powerpc/platforms/cell"	1	19	4635.95	4757.88
"/local/scratch/rgr22/linux-2.6.18/arch/powerpc/platforms/cell/spufs"	0	18	10926.39	14353.54
"/local/scratch/rgr22/linux-2.6.18/arch/powerpc/platforms/apus"	0	1	3754	0
"/local/scratch/rgr22/linux-2.6.18/arch/powerpc/platforms/8xx"	0	1	9475	0
"/local/scratch/rgr22/linux-2.6.18/arch/powerpc/platforms/86xx"	0	8	3352.88	3609.16
"/local/scratch/rgr22/linux-2.6.18/arch/powerpc/platforms/85xx"	0	9	2116.56	2420.45
"/local/scratch/rgr22/linux-2.6.18/arch/powerpc/platforms/83xx"	0	9	1455.44	1153.27
"/local/scratch/rgr22/linux-2.6.18/arch/powerpc/platforms/4xx"	0	2	2322.5	2286.5
"/local/scratch/rgr22/linux-2.6.18/arch/powerpc/oprofile"	0	8	3584	2110.12
"/local/scratch/rgr22/linux-2.6.18/arch/powerpc/mm"	0	28	9221.14	6899.17
"/local/scratch/rgr22/linux-2.6.18/arch/powerpc/math-emu"	0	53	2262.58	4235.48
"/local/scratch/rgr22/linux-2.6.18/arch/powerpc/lib"	0	16	4234.19	3871.24
"/local/scratch/rgr22/linux-2.6.18/arch/powerpc/kernel"	2	94	13692.3	13008.85
"/local/scratch/rgr22/linux-2.6.18/arch/powerpc/kernel/vdso64"	0	9	2698.78	3157.81
"/local/scratch/rgr22/linux-2.6.18/arch/powerpc/kernel/vdso32"	0	9	2861.89	3204.68
"/local/scratch/rgr22/linux-2.6.18/arch/powerpc/configs"	0	14	25531.36	7535.82
"/local/scratch/rgr22/linux-2.6.18/arch/powerpc/boot"	1	23	3012.74	3008.43
"/local/scratch/rgr22/linux-2.6.18/arch/powerpc/boot/dts"	0	7	6098.86	1055.78
"/local/scratch/rgr22/linux-2.6.18/arch/parisc"	7	7	5894.57	9536.51
"/local/scratch/rgr22/linux-2.6.18/arch/parisc/oprofile"	0	3	378	97.99
"/local/scratch/rgr22/linux-2.6.18/arch/parisc/mm"	0	5	8358.8	9200.27
"/local/scratch/rgr22/linux-2.6.18/arch/parisc/math-emu"	0	37	12504.78	14070.39
"/local/scratch/rgr22/linux-2.6.18/arch/parisc/lib"	0	9	5746.89	5017.16
"/local/scratch/rgr22/linux-2.6.18/arch/parisc/kernel"	0	45	17463.33	22949.42
"/local/scratch/rgr22/linux-2.6.18/arch/parisc/hpux"	0	7	9425.43	9876.34
"/local/scratch/rgr22/linux-2.6.18/arch/parisc/configs"	0	4	22344.5	3360.35
"/local/scratch/rgr22/linux-2.6.18/arch/mips"	36	4	24760.25	17115.16
"/local/scratch/rgr22/linux-2.6.18/arch/mips/vr41xx"	4	1	2331	0
"/local/scratch/rgr22/linux-2.6.18/arch/mips/vr41xx/nec-cmbvr4133"	0	5	2947	2792.35
"/local/scratch/rgr22/linux-2.6.18/arch/mips/vr41xx/ibm-workpad"	0	2	730	642
"/local/scratch/rgr22/linux-2.6.18/arch/mips/vr41xx/common"	0	8	4805.25	5286.25
"/local/scratch/rgr22/linux-2.6.18/arch/mips/vr41xx/casio-e55"	0	2	721.5	624.5
"/local/scratch/rgr22/linux-2.6.18/arch/mips/tx4938"	2	1	539	0
"/local/scratch/rgr22/linux-2.6.18/arch/mips/tx4938/toshiba_rbtx4938"	0	6	7952	10026.36
"/local/scratch/rgr22/linux-2.6.18/arch/mips/tx4938/common"	0	6	3407	2938.52
"/local/scratch/rgr22/linux-2.6.18/arch/mips/tx4927"	2	1	84	0
"/local/scratch/rgr22/linux-2.6.18/arch/mips/tx4927/toshiba_rbtx4927"	0	4	14543.5	13665.04
"/local/scratch/rgr22/linux-2.6.18/arch/mips/tx4927/common"	0	5	5008.8	4802.32
"/local/scratch/rgr22/linux-2.6.18/arch/mips/sni"	0	6	2873.83	2369.62
"/local/scratch/rgr22/linux-2.6.18/arch/mips/sibyte"	4	1	3592	0
"/local/scratch/rgr22/linux-2.6.18/arch/mips/sibyte/swarm"	0	6	4462.17	2552.73
"/local/scratch/rgr22/linux-2.6.18/arch/mips/sibyte/sb1250"	0	8	6177.75	4279.13
"/local/scratch/rgr22/linux-2.6.18/arch/mips/sibyte/cfe"	0	8	5141.38	4170.03
"/local/scratch/rgr22/linux-2.6.18/arch/mips/sibyte/bcm1480"	0	5	5284.4	5236.5
"/local/scratch/rgr22/linux-2.6.18/arch/mips/sgi-ip32"	0	7	4207.14	4903.01
"/local/scratch/rgr22/linux-2.6.18/arch/mips/sgi-ip27"	0	17	4524.65	3606.3
"/local/scratch/rgr22/linux-2.6.18/arch/mips/sgi-ip22"	0	10	4874.1	3001.48
"/local/scratch/rgr22/linux-2.6.18/arch/mips/qemu"	0	7	493.71	272.95
"/local/scratch/rgr22/linux-2.6.18/arch/mips/pmc-sierra"	1	1	102	0
"/local/scratch/rgr22/linux-2.6.18/arch/mips/pmc-sierra/yosemite"	0	14	4195.71	3100.43
"/local/scratch/rgr22/linux-2.6.18/arch/mips/philips"	1	0	0	0
"/local/scratch/rgr22/linux-2.6.18/arch/mips/philips/pnx8550"	2	0	0	0
"/local/scratch/rgr22/linux-2.6.18/arch/mips/philips/pnx8550/jbs"	0	4	1483	845.27
"/local/scratch/rgr22/linux-2.6.18/arch/mips/philips/pnx8550/common"	0	11	3165.73	1985.59
"/local/scratch/rgr22/linux-2.6.18/arch/mips/pci"	0	71	3571.76	2193.61
"/local/scratch/rgr22/linux-2.6.18/arch/mips/oprofile"	0	6	2550.33	2301.22
"/local/scratch/rgr22/linux-2.6.18/arch/mips/momentum"	4	1	208	0
"/local/scratch/rgr22/linux-2.6.18/arch/mips/momentum/ocelot_g"	0	8	3087	2477.83
"/local/scratch/rgr22/linux-2.6.18/arch/mips/momentum/ocelot_c"	0	9	3825.67	2885.06
"/local/scratch/rgr22/linux-2.6.18/arch/mips/momentum/ocelot_3"	0	6	4103.67	3665.61
"/local/scratch/rgr22/linux-2.6.18/arch/mips/momentum/jaguar_atx"	0	8	4137.38	4071.54
"/local/scratch/rgr22/linux-2.6.18/arch/mips/mm"	0	32	7994.56	9556.19
"/local/scratch/rgr22/linux-2.6.18/arch/mips/mips-boards"	5	0	0	0
"/local/scratch/rgr22/linux-2.6.18/arch/mips/mips-boards/sim"	0	8	2355.75	1349.4
"/local/scratch/rgr22/linux-2.6.18/arch/mips/mips-boards/sead"	0	3	1979.33	776.06
"/local/scratch/rgr22/linux-2.6.18/arch/mips/mips-boards/malta"	0	4	4915	3681.64
"/local/scratch/rgr22/linux-2.6.18/arch/mips/mips-boards/generic"	0	10	4204	3152.64
"/local/scratch/rgr22/linux-2.6.18/arch/mips/mips-boards/atlas"	0	4	2832.5	1670
"/local/scratch/rgr22/linux-2.6.18/arch/mips/math-emu"	0	47	3589.45	4110.79
"/local/scratch/rgr22/linux-2.6.18/arch/mips/lib-64"	0	5	2840.6	1628.16
"/local/scratch/rgr22/linux-2.6.18/arch/mips/lib-32"	0	6	3159.17	1604.06
"/local/scratch/rgr22/linux-2.6.18/arch/mips/lib"	0	13	1853.92	3217.49
"/local/scratch/rgr22/linux-2.6.18/arch/mips/lasat"	1	18	2767.28	2531.32
"/local/scratch/rgr22/linux-2.6.18/arch/mips/lasat/image"	0	3	672.33	434.59
"/local/scratch/rgr22/linux-2.6.18/arch/mips/kernel"	0	66	11084.94	10621.23
"/local/scratch/rgr22/linux-2.6.18/arch/mips/jmr3927"	2	0	0	0
"/local/scratch/rgr22/linux-2.6.18/arch/mips/jmr3927/rbhma3100"	0	5	6993.8	5960.76
"/local/scratch/rgr22/linux-2.6.18/arch/mips/jmr3927/common"	0	4	2878.75	1845.49
"/local/scratch/rgr22/linux-2.6.18/arch/mips/jazz"	0	7	3792	4221.55
"/local/scratch/rgr22/linux-2.6.18/arch/mips/ite-boards"	3	1	356	0
"/local/scratch/rgr22/linux-2.6.18/arch/mips/ite-boards/qed-4n-s01b"	0	3	998	1184.02
"/local/scratch/rgr22/linux-2.6.18/arch/mips/ite-boards/ivr"	0	3	1014	1156.92
"/local/scratch/rgr22/linux-2.6.18/arch/mips/ite-boards/generic"	0	10	4557.2	2719.95
"/local/scratch/rgr22/linux-2.6.18/arch/mips/gt64120"	4	0	0	0
"/local/scratch/rgr22/linux-2.6.18/arch/mips/gt64120/wrppmc"	0	6	1710.17	1140.16
"/local/scratch/rgr22/linux-2.6.18/arch/mips/gt64120/momenco_ocelot"	0	7	3215.86	3632.51
"/local/scratch/rgr22/linux-2.6.18/arch/mips/gt64120/ev64120"	0	7	2254.29	2076.52
"/local/scratch/rgr22/linux-2.6.18/arch/mips/gt64120/common"	0	2	1439	1363
"/local/scratch/rgr22/linux-2.6.18/arch/mips/galileo-boards"	1	0	0	0
"/local/scratch/rgr22/linux-2.6.18/arch/mips/galileo-boards/ev96100"	0	7	2696.71	1309.36
"/local/scratch/rgr22/linux-2.6.18/arch/mips/emma2rh"	2	0	0	0
"/local/scratch/rgr22/linux-2.6.18/arch/mips/emma2rh/markeins"	0	6	3417.33	1730.98
"/local/scratch/rgr22/linux-2.6.18/arch/mips/emma2rh/common"	0	4	2260.5	1164.18
"/local/scratch/rgr22/linux-2.6.18/arch/mips/dec"	2	12	5325	6012.61
"/local/scratch/rgr22/linux-2.6.18/arch/mips/dec/prom"	0	9	1917.22	1569.4
"/local/scratch/rgr22/linux-2.6.18/arch/mips/dec/boot"	0	3	896.67	780.4
"/local/scratch/rgr22/linux-2.6.18/arch/mips/ddb5xxx"	2	1	109	0
"/local/scratch/rgr22/linux-2.6.18/arch/mips/ddb5xxx/ddb5477"	0	8	4283.88	3375.59
"/local/scratch/rgr22/linux-2.6.18/arch/mips/ddb5xxx/common"	0	4	2919	1632.17
"/local/scratch/rgr22/linux-2.6.18/arch/mips/configs"	0	47	20500.38	4726.73
"/local/scratch/rgr22/linux-2.6.18/arch/mips/cobalt"	0	6	1815	1765.15
"/local/scratch/rgr22/linux-2.6.18/arch/mips/boot"	0	5	5010	6142.2
"/local/scratch/rgr22/linux-2.6.18/arch/mips/basler"	1	0	0	0
"/local/scratch/rgr22/linux-2.6.18/arch/mips/basler/excite"	0	11	4206	3316.47
"/local/scratch/rgr22/linux-2.6.18/arch/mips/au1000"	9	0	0	0
"/local/scratch/rgr22/linux-2.6.18/arch/mips/au1000/xxs1500"	0	4	1983.5	1048.63
"/local/scratch/rgr22/linux-2.6.18/arch/mips/au1000/pb1550"	0	4	1786.25	901.1
"/local/scratch/rgr22/linux-2.6.18/arch/mips/au1000/pb1500"	0	4	2301.75	1442.89
"/local/scratch/rgr22/linux-2.6.18/arch/mips/au1000/pb1200"	0	4	3130.75	2086.71
"/local/scratch/rgr22/linux-2.6.18/arch/mips/au1000/pb1100"	0	4	2138.75	1273.18
"/local/scratch/rgr22/linux-2.6.18/arch/mips/au1000/pb1000"	0	4	2489.5	1872.46
"/local/scratch/rgr22/linux-2.6.18/arch/mips/au1000/mtx-1"	0	4	2162.25	1130.72
"/local/scratch/rgr22/linux-2.6.18/arch/mips/au1000/db1x00"	0	5	3486.6	2158.43
"/local/scratch/rgr22/linux-2.6.18/arch/mips/au1000/common"	0	19	8977.11	9420.85
"/local/scratch/rgr22/linux-2.6.18/arch/mips/arc"	0	14	1519.86	1033.67
"/local/scratch/rgr22/linux-2.6.18/arch/m68knommu"	4	4	7924.25	5848.17
"/local/scratch/rgr22/linux-2.6.18/arch/m68knommu/platform"	15	1	48	0
"/local/scratch/rgr22/linux-2.6.18/arch/m68knommu/platform/68VZ328"	0	2	2816	2372
"/local/scratch/rgr22/linux-2.6.18/arch/m68knommu/platform/68EZ328"	0	3	79877	111032.5
"/local/scratch/rgr22/linux-2.6.18/arch/m68knommu/platform/68360"	0	7	8584.86	5695.38
"/local/scratch/rgr22/linux-2.6.18/arch/m68knommu/platform/68328"	0	12	4180.17	5101.66
"/local/scratch/rgr22/linux-2.6.18/arch/m68knommu/platform/5407"	0	2	1885.5	1414.5
"/local/scratch/rgr22/linux-2.6.18/arch/m68knommu/platform/532x"	0	2	6189	5672
"/local/scratch/rgr22/linux-2.6.18/arch/m68knommu/platform/5307"	0	8	4035.25	1921.33
"/local/scratch/rgr22/linux-2.6.18/arch/m68knommu/platform/528x"	0	2	1362	900
"/local/scratch/rgr22/linux-2.6.18/arch/m68knommu/platform/527x"	0	2	1360.5	898.5
"/local/scratch/rgr22/linux-2.6.18/arch/m68knommu/platform/5272"	0	2	2185.5	1723.5
"/local/scratch/rgr22/linux-2.6.18/arch/m68knommu/platform/5249"	0	2	1709	1237
"/local/scratch/rgr22/linux-2.6.18/arch/m68knommu/platform/523x"	0	2	1362.5	891.5
"/local/scratch/rgr22/linux-2.6.18/arch/m68knommu/platform/520x"	0	2	1169	701
"/local/scratch/rgr22/linux-2.6.18/arch/m68knommu/platform/5206e"	0	2	1818.5	1346.5
"/local/scratch/rgr22/linux-2.6.18/arch/m68knommu/platform/5206"	0	2	1761.5	1289.5
"/local/scratch/rgr22/linux-2.6.18/arch/m68knommu/mm"	0	5	2421.4	2092.72
"/local/scratch/rgr22/linux-2.6.18/arch/m68knommu/lib"	0	15	2284	1444
"/local/scratch/rgr22/linux-2.6.18/arch/m68knommu/kernel"	0	18	6683	6463.48
"/local/scratch/rgr22/linux-2.6.18/arch/m68k"	19	4	9052.25	8272.46
"/local/scratch/rgr22/linux-2.6.18/arch/m68k/tools"	1	0	0	0
"/local/scratch/rgr22/linux-2.6.18/arch/m68k/tools/amiga"	0	2	891	765
"/local/scratch/rgr22/linux-2.6.18/arch/m68k/sun3x"	0	6	2142.33	1661.6
"/local/scratch/rgr22/linux-2.6.18/arch/m68k/sun3"	1	11	3175.55	3484.97
"/local/scratch/rgr22/linux-2.6.18/arch/m68k/sun3/prom"	0	5	1851.2	1309.65
"/local/scratch/rgr22/linux-2.6.18/arch/m68k/q40"	0	4	5461	3282.93
"/local/scratch/rgr22/linux-2.6.18/arch/m68k/mvme16x"	0	4	2944.5	3104.83
"/local/scratch/rgr22/linux-2.6.18/arch/m68k/mvme147"	0	2	2617.5	2537.5
"/local/scratch/rgr22/linux-2.6.18/arch/m68k/mm"	0	10	4382.4	2610.32
"/local/scratch/rgr22/linux-2.6.18/arch/m68k/math-emu"	0	15	8978.13	9203.97
"/local/scratch/rgr22/linux-2.6.18/arch/m68k/mac"	0	14	9618.71	6905.27
"/local/scratch/rgr22/linux-2.6.18/arch/m68k/lib"	0	9	2993	2973.43
"/local/scratch/rgr22/linux-2.6.18/arch/m68k/kernel"	0	21	12402.76	19343.64
"/local/scratch/rgr22/linux-2.6.18/arch/m68k/ifpsp060"	1	19	27774.95	42722.1
"/local/scratch/rgr22/linux-2.6.18/arch/m68k/ifpsp060/src"	0	8	226323	249849.78
"/local/scratch/rgr22/linux-2.6.18/arch/m68k/hp300"	0	8	1959.5	2473.06
"/local/scratch/rgr22/linux-2.6.18/arch/m68k/fpsp040"	0	44	10591.98	9663.29
"/local/scratch/rgr22/linux-2.6.18/arch/m68k/configs"	0	11	16740.36	1182.11
"/local/scratch/rgr22/linux-2.6.18/arch/m68k/bvme6000"	0	3	4997.67	4327.96
"/local/scratch/rgr22/linux-2.6.18/arch/m68k/atari"	0	11	7862.09	6391.16
"/local/scratch/rgr22/linux-2.6.18/arch/m68k/apollo"	0	4	2177.25	2483.43
"/local/scratch/rgr22/linux-2.6.18/arch/m68k/amiga"	0	8	5829.5	8016.44
"/local/scratch/rgr22/linux-2.6.18/arch/m32r"	12	4	6484	5467.97
"/local/scratch/rgr22/linux-2.6.18/arch/m32r/opsput"	0	2	9672	3190
"/local/scratch/rgr22/linux-2.6.18/arch/m32r/oprofile"	0	3	377.33	97.58
"/local/scratch/rgr22/linux-2.6.18/arch/m32r/oaks32r"	0	2	7403.5	3512.5
"/local/scratch/rgr22/linux-2.6.18/arch/m32r/mm"	0	11	4401.45	4190.27
"/local/scratch/rgr22/linux-2.6.18/arch/m32r/mappi3"	0	2	9771	4399
"/local/scratch/rgr22/linux-2.6.18/arch/m32r/mappi2"	0	2	9357	3915
"/local/scratch/rgr22/linux-2.6.18/arch/m32r/mappi"	0	6	10114.67	3196.4
"/local/scratch/rgr22/linux-2.6.18/arch/m32r/m32700ut"	0	5	9049.4	4024.68
"/local/scratch/rgr22/linux-2.6.18/arch/m32r/m32104ut"	0	1	11787	0
"/local/scratch/rgr22/linux-2.6.18/arch/m32r/lib"	0	9	3647.78	2696.72
"/local/scratch/rgr22/linux-2.6.18/arch/m32r/kernel"	0	36	8421.11	6065.24
"/local/scratch/rgr22/linux-2.6.18/arch/m32r/boot"	1	2	2349	1907
"/local/scratch/rgr22/linux-2.6.18/arch/m32r/boot/compressed"	0	8	1831.25	1503.71
"/local/scratch/rgr22/linux-2.6.18/arch/ia64"	11	6	8114.17	10378.41
"/local/scratch/rgr22/linux-2.6.18/arch/ia64/sn"	3	1	330	0
"/local/scratch/rgr22/linux-2.6.18/arch/ia64/sn/pci"	1	4	15069	10725.56
"/local/scratch/rgr22/linux-2.6.18/arch/ia64/sn/pci/pcibr"	0	5	6194.6	3683.99
"/local/scratch/rgr22/linux-2.6.18/arch/ia64/sn/kernel"	1	20	13218.3	15223.93
"/local/scratch/rgr22/linux-2.6.18/arch/ia64/sn/kernel/sn2"	0	10	5727.3	6945.98
"/local/scratch/rgr22/linux-2.6.18/arch/ia64/sn/include"	1	2	2558.5	1028.5
"/local/scratch/rgr22/linux-2.6.18/arch/ia64/sn/include/xtalk"	0	3	5263.33	3926.45
"/local/scratch/rgr22/linux-2.6.18/arch/ia64/scripts"	0	9	423.44	615.59
"/local/scratch/rgr22/linux-2.6.18/arch/ia64/pci"	0	2	10152	10078
"/local/scratch/rgr22/linux-2.6.18/arch/ia64/oprofile"	0	5	1638	1607.2
"/local/scratch/rgr22/linux-2.6.18/arch/ia64/mm"	0	10	7237.8	7055.88
"/local/scratch/rgr22/linux-2.6.18/arch/ia64/lib"	0	23	4982.48	4694.4
"/local/scratch/rgr22/linux-2.6.18/arch/ia64/kernel"	1	64	17019.34	24558.04
"/local/scratch/rgr22/linux-2.6.18/arch/ia64/kernel/cpufreq"	0	3	3582.67	4699.26
"/local/scratch/rgr22/linux-2.6.18/arch/ia64/ia32"	0	11	13929.18	18393.18
"/local/scratch/rgr22/linux-2.6.18/arch/ia64/hp"	3	0	0	0
"/local/scratch/rgr22/linux-2.6.18/arch/ia64/hp/zx1"	0	3	151.33	30.87
"/local/scratch/rgr22/linux-2.6.18/arch/ia64/hp/sim"	1	11	4917.64	7802.14
"/local/scratch/rgr22/linux-2.6.18/arch/ia64/hp/sim/boot"	0	6	3892.83	3701.31
"/local/scratch/rgr22/linux-2.6.18/arch/ia64/hp/common"	0	3	21005.33	25470.69
"/local/scratch/rgr22/linux-2.6.18/arch/ia64/dig"	0	3	774	870.39
"/local/scratch/rgr22/linux-2.6.18/arch/ia64/configs"	0	6	25389.83	5748.06
"/local/scratch/rgr22/linux-2.6.18/arch/i386"	14	6	15460.5	15417.92
"/local/scratch/rgr22/linux-2.6.18/arch/i386/power"	0	3	1449.67	1123.92
"/local/scratch/rgr22/linux-2.6.18/arch/i386/pci"	0	14	7114.21	8262.65
"/local/scratch/rgr22/linux-2.6.18/arch/i386/oprofile"	0	11	3910.45	5181.07
"/local/scratch/rgr22/linux-2.6.18/arch/i386/mm"	0	12	7151.17	5908.86
"/local/scratch/rgr22/linux-2.6.18/arch/i386/math-emu"	0	47	7780.53	8231.22
"/local/scratch/rgr22/linux-2.6.18/arch/i386/mach-voyager"	0	6	17193.17	19907.55
"/local/scratch/rgr22/linux-2.6.18/arch/i386/mach-visws"	0	6	2852.67	2391.29
"/local/scratch/rgr22/linux-2.6.18/arch/i386/mach-generic"	0	6	1080.17	913.61
"/local/scratch/rgr22/linux-2.6.18/arch/i386/mach-es7000"	0	3	3375	2831.55
"/local/scratch/rgr22/linux-2.6.18/arch/i386/mach-default"	0	2	2096.5	2038.5
"/local/scratch/rgr22/linux-2.6.18/arch/i386/lib"	0	10	5237.6	7570.03
"/local/scratch/rgr22/linux-2.6.18/arch/i386/kernel"	2	70	10827.6	14042.88
"/local/scratch/rgr22/linux-2.6.18/arch/i386/kernel/cpu"	3	13	7005.46	6638.66
"/local/scratch/rgr22/linux-2.6.18/arch/i386/kernel/cpu/mtrr"	0	9	7001.11	5788.72
"/local/scratch/rgr22/linux-2.6.18/arch/i386/kernel/cpu/mcheck"	0	9	2122.11	1922.19
"/local/scratch/rgr22/linux-2.6.18/arch/i386/kernel/cpu/cpufreq"	0	21	11136.38	7985.17
"/local/scratch/rgr22/linux-2.6.18/arch/i386/kernel/acpi"	0	7	5923.57	9108.1
"/local/scratch/rgr22/linux-2.6.18/arch/i386/crypto"	0	3	8042.33	5700.03
"/local/scratch/rgr22/linux-2.6.18/arch/i386/boot"	2	8	10249.25	14088.87
"/local/scratch/rgr22/linux-2.6.18/arch/i386/boot/tools"	0	2	2350	2344
"/local/scratch/rgr22/linux-2.6.18/arch/i386/boot/compressed"	0	4	3212.25	3587.19
"/local/scratch/rgr22/linux-2.6.18/arch/h8300"	5	7	2897.71	2216.44
"/local/scratch/rgr22/linux-2.6.18/arch/h8300/platform"	2	0	0	0
"/local/scratch/rgr22/linux-2.6.18/arch/h8300/platform/h8s"	2	5	4219.2	3054.36
"/local/scratch/rgr22/linux-2.6.18/arch/h8300/platform/h8s/generic"	0	4	1362.5	796.39
"/local/scratch/rgr22/linux-2.6.18/arch/h8300/platform/h8s/edosk2674"	0	4	1682.25	1126.37
"/local/scratch/rgr22/linux-2.6.18/arch/h8300/platform/h8300h"	3	4	4491.25	3617.72
"/local/scratch/rgr22/linux-2.6.18/arch/h8300/platform/h8300h/h8max"	0	3	1021	703.48
"/local/scratch/rgr22/linux-2.6.18/arch/h8300/platform/h8300h/generic"	0	4	1573.25	913.88
"/local/scratch/rgr22/linux-2.6.18/arch/h8300/platform/h8300h/aki3068net"	0	3	1031.33	713.41
"/local/scratch/rgr22/linux-2.6.18/arch/h8300/mm"	0	5	2018.6	2125.71
"/local/scratch/rgr22/linux-2.6.18/arch/h8300/lib"	0	7	1287	1272.5
"/local/scratch/rgr22/linux-2.6.18/arch/h8300/kernel"	0	17	4859.12	3476.39
"/local/scratch/rgr22/linux-2.6.18/arch/h8300/boot"	0	1	321	0
"/local/scratch/rgr22/linux-2.6.18/arch/frv"	5	4	6151.25	4160.37
"/local/scratch/rgr22/linux-2.6.18/arch/frv/mm"	0	14	4879.14	4479.78
"/local/scratch/rgr22/linux-2.6.18/arch/frv/mb93090-mb00"	0	8	4096.25	4171.46
"/local/scratch/rgr22/linux-2.6.18/arch/frv/lib"	0	16	2068.25	1528.79
"/local/scratch/rgr22/linux-2.6.18/arch/frv/kernel"	0	43	9326.44	10759.38
"/local/scratch/rgr22/linux-2.6.18/arch/frv/boot"	0	1	1688	0
"/local/scratch/rgr22/linux-2.6.18/arch/cris"	4	4	6558.25	6312.1
"/local/scratch/rgr22/linux-2.6.18/arch/cris/mm"	0	5	5280.4	4259.17
"/local/scratch/rgr22/linux-2.6.18/arch/cris/kernel"	0	12	3641.67	1832.75
"/local/scratch/rgr22/linux-2.6.18/arch/cris/arch-v32"	5	3	3854	3543.98
"/local/scratch/rgr22/linux-2.6.18/arch/cris/arch-v32/mm"	0	5	3578.8	1916.73
"/local/scratch/rgr22/linux-2.6.18/arch/cris/arch-v32/lib"	0	11	4414.18	3986.65
"/local/scratch/rgr22/linux-2.6.18/arch/cris/arch-v32/kernel"	0	23	10129.65	10997.24
"/local/scratch/rgr22/linux-2.6.18/arch/cris/arch-v32/drivers"	1	11	20841	30407.41
"/local/scratch/rgr22/linux-2.6.18/arch/cris/arch-v32/drivers/pci"	0	3	2234.33	1545.9
"/local/scratch/rgr22/linux-2.6.18/arch/cris/arch-v32/boot"	2	1	322	0
"/local/scratch/rgr22/linux-2.6.18/arch/cris/arch-v32/boot/rescue"	0	3	650.33	342.52
"/local/scratch/rgr22/linux-2.6.18/arch/cris/arch-v32/boot/compressed"	0	5	2948.2	2667.28
"/local/scratch/rgr22/linux-2.6.18/arch/cris/arch-v10"	5	5	7427.6	5043.72
"/local/scratch/rgr22/linux-2.6.18/arch/cris/arch-v10/mm"	0	4	4192.75	3382.44
"/local/scratch/rgr22/linux-2.6.18/arch/cris/arch-v10/lib"	0	11	4413.91	4178.39
"/local/scratch/rgr22/linux-2.6.18/arch/cris/arch-v10/kernel"	0	18	13539.5	14031.28
"/local/scratch/rgr22/linux-2.6.18/arch/cris/arch-v10/drivers"	0	9	14992.89	9708.56
"/local/scratch/rgr22/linux-2.6.18/arch/cris/arch-v10/boot"	3	1	259	0
"/local/scratch/rgr22/linux-2.6.18/arch/cris/arch-v10/boot/tools"	0	1	7247	0
"/local/scratch/rgr22/linux-2.6.18/arch/cris/arch-v10/boot/rescue"	0	5	3132	3516.29
"/local/scratch/rgr22/linux-2.6.18/arch/cris/arch-v10/boot/compressed"	0	5	2294.6	2033.89
"/local/scratch/rgr22/linux-2.6.18/arch/arm26"	6	5	4021.2	2447.42
"/local/scratch/rgr22/linux-2.6.18/arch/arm26/nwfpe"	0	24	10666.21	22863.36
"/local/scratch/rgr22/linux-2.6.18/arch/arm26/mm"	0	8	4548.5	3694.48
"/local/scratch/rgr22/linux-2.6.18/arch/arm26/machine"	0	4	2805.25	2107.73
"/local/scratch/rgr22/linux-2.6.18/arch/arm26/lib"	0	45	2739.64	3204.43
"/local/scratch/rgr22/linux-2.6.18/arch/arm26/kernel"	0	24	7779.71	6639.72
"/local/scratch/rgr22/linux-2.6.18/arch/arm26/boot"	1	2	2003	585
"/local/scratch/rgr22/linux-2.6.18/arch/arm26/boot/compressed"	0	6	4479.17	3654.13
"/local/scratch/rgr22/linux-2.6.18/arch/arm"	38	4	9695.5	9444.69
"/local/scratch/rgr22/linux-2.6.18/arch/arm/vfp"	0	8	10616.5	11178.84
"/local/scratch/rgr22/linux-2.6.18/arch/arm/tools"	0	3	14739.67	19206.08
"/local/scratch/rgr22/linux-2.6.18/arch/arm/plat-omap"	0	18	10908.33	10273.33
"/local/scratch/rgr22/linux-2.6.18/arch/arm/oprofile"	0	7	2695.29	3312.18
"/local/scratch/rgr22/linux-2.6.18/arch/arm/nwfpe"	0	25	10362.56	22750.05
"/local/scratch/rgr22/linux-2.6.18/arch/arm/mm"	0	58	6227.4	5657.25
"/local/scratch/rgr22/linux-2.6.18/arch/arm/mach-versatile"	0	10	4102.7	6586.46
"/local/scratch/rgr22/linux-2.6.18/arch/arm/mach-shark"	0	7	1402.86	1269.3
"/local/scratch/rgr22/linux-2.6.18/arch/arm/mach-sa1100"	0	35	5011.23	4162.22
"/local/scratch/rgr22/linux-2.6.18/arch/arm/mach-s3c2410"	0	57	4854.81	5353.77
"/local/scratch/rgr22/linux-2.6.18/arch/arm/mach-rpc"	0	5	2964.8	2753.89
"/local/scratch/rgr22/linux-2.6.18/arch/arm/mach-realview"	0	12	3237.25	3682.58
"/local/scratch/rgr22/linux-2.6.18/arch/arm/mach-pxa"	0	37	5621.92	4099.68
"/local/scratch/rgr22/linux-2.6.18/arch/arm/mach-pnx4008"	0	12	6108.58	6808.57
"/local/scratch/rgr22/linux-2.6.18/arch/arm/mach-omap2"	0	24	7934.71	12583.41
"/local/scratch/rgr22/linux-2.6.18/arch/arm/mach-omap1"	0	31	7407.13	5955.38
"/local/scratch/rgr22/linux-2.6.18/arch/arm/mach-netx"	0	13	2414.15	1809.86
"/local/scratch/rgr22/linux-2.6.18/arch/arm/mach-lh7a40x"	0	15	3713.73	3018.98
"/local/scratch/rgr22/linux-2.6.18/arch/arm/mach-l7200"	0	3	953.33	1249.67
"/local/scratch/rgr22/linux-2.6.18/arch/arm/mach-ixp4xx"	0	18	3439.06	3034.71
"/local/scratch/rgr22/linux-2.6.18/arch/arm/mach-ixp23xx"	0	8	4161.75	3918.49
"/local/scratch/rgr22/linux-2.6.18/arch/arm/mach-ixp2000"	0	10	6308.5	4730.33
"/local/scratch/rgr22/linux-2.6.18/arch/arm/mach-iop3xx"	0	20	2471.5	1580.83
"/local/scratch/rgr22/linux-2.6.18/arch/arm/mach-integrator"	0	18	4703.72	4782.26
"/local/scratch/rgr22/linux-2.6.18/arch/arm/mach-imx"	0	12	3130.83	4550.46
"/local/scratch/rgr22/linux-2.6.18/arch/arm/mach-h720x"	0	9	2024	2062.08
"/local/scratch/rgr22/linux-2.6.18/arch/arm/mach-footbridge"	0	23	2570.22	2853.1
"/local/scratch/rgr22/linux-2.6.18/arch/arm/mach-ep93xx"	0	10	2896.4	3537.19
"/local/scratch/rgr22/linux-2.6.18/arch/arm/mach-ebsa110"	0	5	3111	3347.18
"/local/scratch/rgr22/linux-2.6.18/arch/arm/mach-clps7500"	0	3	2832.33	3906.67
"/local/scratch/rgr22/linux-2.6.18/arch/arm/mach-clps711x"	0	16	1795.88	861.25
"/local/scratch/rgr22/linux-2.6.18/arch/arm/mach-at91rm9200"	0	21	4907.76	4972.59
"/local/scratch/rgr22/linux-2.6.18/arch/arm/mach-aaec2000"	0	8	1510.13	1947.11
"/local/scratch/rgr22/linux-2.6.18/arch/arm/lib"	0	53	2076.13	2227.13
"/local/scratch/rgr22/linux-2.6.18/arch/arm/kernel"	0	42	8005.33	7177.39
"/local/scratch/rgr22/linux-2.6.18/arch/arm/configs"	0	60	19071.95	5573.05
"/local/scratch/rgr22/linux-2.6.18/arch/arm/common"	0	16	9565.69	10701.41
"/local/scratch/rgr22/linux-2.6.18/arch/arm/boot"	2	2	1937.5	611.5
"/local/scratch/rgr22/linux-2.6.18/arch/arm/boot/compressed"	0	16	3354.44	4582.05
"/local/scratch/rgr22/linux-2.6.18/arch/arm/boot/bootp"	0	5	859	925.32
"/local/scratch/rgr22/linux-2.6.18/arch/alpha"	6	4	11200	8501.41
"/local/scratch/rgr22/linux-2.6.18/arch/alpha/oprofile"	0	8	3185.75	2244.75
"/local/scratch/rgr22/linux-2.6.18/arch/alpha/mm"	0	6	5078.67	4434.83
"/local/scratch/rgr22/linux-2.6.18/arch/alpha/math-emu"	0	4	3560.75	3806.94
"/local/scratch/rgr22/linux-2.6.18/arch/alpha/lib"	0	53	3893.89	3610.13
"/local/scratch/rgr22/linux-2.6.18/arch/alpha/kernel"	0	76	11465.22	10395.36
"/local/scratch/rgr22/linux-2.6.18/arch/alpha/boot"	1	7	4910.14	3820.72
"/local/scratch/rgr22/linux-2.6.18/arch/alpha/boot/tools"	0	2	4820.5	1284.5
"/local/scratch/rgr22/linux-2.6.18/Documentation"	56	142	11243.99	14129.01
"/local/scratch/rgr22/linux-2.6.18/Documentation/x86_64"	0	3	3724.33	3666.15
"/local/scratch/rgr22/linux-2.6.18/Documentation/watchdog"	1	3	6873.33	5498.99
"/local/scratch/rgr22/linux-2.6.18/Documentation/watchdog/src"	0	2	847	604
"/local/scratch/rgr22/linux-2.6.18/Documentation/w1"	1	2	4312.5	204.5
"/local/scratch/rgr22/linux-2.6.18/Documentation/w1/masters"	0	2	558	185
"/local/scratch/rgr22/linux-2.6.18/Documentation/vm"	0	6	5362.33	2625.78
"/local/scratch/rgr22/linux-2.6.18/Documentation/video4linux"	3	31	6370.29	5761.91
"/local/scratch/rgr22/linux-2.6.18/Documentation/video4linux/cx88"	0	1	1946	0
"/local/scratch/rgr22/linux-2.6.18/Documentation/video4linux/cx2341x"	0	7	6801.43	5219.62
"/local/scratch/rgr22/linux-2.6.18/Documentation/video4linux/bttv"	0	16	3727	6228.29
"/local/scratch/rgr22/linux-2.6.18/Documentation/usb"	0	19	7127.47	4457.12
"/local/scratch/rgr22/linux-2.6.18/Documentation/uml"	0	1	126693	0
"/local/scratch/rgr22/linux-2.6.18/Documentation/telephony"	0	1	14651	0
"/local/scratch/rgr22/linux-2.6.18/Documentation/sysctl"	0	6	4646.67	3286.42
"/local/scratch/rgr22/linux-2.6.18/Documentation/spi"	0	3	10474.33	6990.94
"/local/scratch/rgr22/linux-2.6.18/Documentation/sparc"	0	2	6162	4036
"/local/scratch/rgr22/linux-2.6.18/Documentation/sound"	2	0	0	0
"/local/scratch/rgr22/linux-2.6.18/Documentation/sound/oss"	0	45	6973.44	11392.14
"/local/scratch/rgr22/linux-2.6.18/Documentation/sound/alsa"	1	17	11127.29	14713.19
"/local/scratch/rgr22/linux-2.6.18/Documentation/sound/alsa/DocBook"	0	2	102590.5	99701.5
"/local/scratch/rgr22/linux-2.6.18/Documentation/sh"	0	2	9781.5	2004.5
"/local/scratch/rgr22/linux-2.6.18/Documentation/serial"	0	1	11723	0
"/local/scratch/rgr22/linux-2.6.18/Documentation/scsi"	0	44	16843.64	22335.28
"/local/scratch/rgr22/linux-2.6.18/Documentation/s390"	1	11	17230.64	26351.64
"/local/scratch/rgr22/linux-2.6.18/Documentation/s390/crypto"	0	1	3739	0
"/local/scratch/rgr22/linux-2.6.18/Documentation/powerpc"	0	11	11492.45	17841.21
"/local/scratch/rgr22/linux-2.6.18/Documentation/power"	0	11	5989.45	4763.42
"/local/scratch/rgr22/linux-2.6.18/Documentation/pcmcia"	0	3	1875.33	1316.58
"/local/scratch/rgr22/linux-2.6.18/Documentation/parisc"	0	3	1984.33	1700.85
"/local/scratch/rgr22/linux-2.6.18/Documentation/networking"	0	91	9565.26	15556.37
"/local/scratch/rgr22/linux-2.6.18/Documentation/mips"	1	3	4954.33	1874.32
"/local/scratch/rgr22/linux-2.6.18/Documentation/mips/pci"	0	1	2112	0
"/local/scratch/rgr22/linux-2.6.18/Documentation/m68k"	0	3	14027.67	14667.85
"/local/scratch/rgr22/linux-2.6.18/Documentation/kdump"	0	2	8386	2345
"/local/scratch/rgr22/linux-2.6.18/Documentation/kbuild"	0	4	17037.25	14555.15
"/local/scratch/rgr22/linux-2.6.18/Documentation/isdn"	0	23	8023.65	8075.84
"/local/scratch/rgr22/linux-2.6.18/Documentation/ioctl"	0	2	21964	2754
"/local/scratch/rgr22/linux-2.6.18/Documentation/input"	0	17	8665.82	7108.04
"/local/scratch/rgr22/linux-2.6.18/Documentation/infiniband"	0	5	3101.4	781.43
"/local/scratch/rgr22/linux-2.6.18/Documentation/ia64"	0	7	6286.86	3544.37
"/local/scratch/rgr22/linux-2.6.18/Documentation/i386"	0	4	6789	6091.99
"/local/scratch/rgr22/linux-2.6.18/Documentation/i2o"	0	2	7504.5	6049.5
"/local/scratch/rgr22/linux-2.6.18/Documentation/i2c"	2	9	6525.44	7027.76
"/local/scratch/rgr22/linux-2.6.18/Documentation/i2c/chips"	0	6	2542.67	1105.18
"/local/scratch/rgr22/linux-2.6.18/Documentation/i2c/busses"	0	22	1765.09	1447.85
"/local/scratch/rgr22/linux-2.6.18/Documentation/hwmon"	0	38	4429.29	3373.07
"/local/scratch/rgr22/linux-2.6.18/Documentation/fujitsu"	1	0	0	0
"/local/scratch/rgr22/linux-2.6.18/Documentation/fujitsu/frv"	0	10	6917.8	4120.65
"/local/scratch/rgr22/linux-2.6.18/Documentation/firmware_class"	0	4	2999.75	1755.87
"/local/scratch/rgr22/linux-2.6.18/Documentation/filesystems"	1	45	10866.53	14509.41
"/local/scratch/rgr22/linux-2.6.18/Documentation/filesystems/configfs"	0	2	15754.5	3148.5
"/local/scratch/rgr22/linux-2.6.18/Documentation/fb"	1	19	5314.21	5064.6
"/local/scratch/rgr22/linux-2.6.18/Documentation/fb/cyblafb"	0	9	2478.44	2409.31
"/local/scratch/rgr22/linux-2.6.18/Documentation/early-userspace"	0	2	5734.5	1128.5
"/local/scratch/rgr22/linux-2.6.18/Documentation/dvb"	0	12	6007.67	4114.34
"/local/scratch/rgr22/linux-2.6.18/Documentation/drivers"	1	0	0	0
"/local/scratch/rgr22/linux-2.6.18/Documentation/drivers/edac"	0	1	16585	0
"/local/scratch/rgr22/linux-2.6.18/Documentation/driver-model"	0	9	5673.33	2849.83
"/local/scratch/rgr22/linux-2.6.18/Documentation/device-mapper"	0	6	2185.33	683.44
"/local/scratch/rgr22/linux-2.6.18/Documentation/crypto"	0	2	11732	5468
"/local/scratch/rgr22/linux-2.6.18/Documentation/cris"	0	1	6720	0
"/local/scratch/rgr22/linux-2.6.18/Documentation/cpu-freq"	0	8	4121.88	2718.35
"/local/scratch/rgr22/linux-2.6.18/Documentation/console"	0	1	5813	0
"/local/scratch/rgr22/linux-2.6.18/Documentation/connector"	0	3	5026.33	1048.16
"/local/scratch/rgr22/linux-2.6.18/Documentation/cdrom"	0	15	12513	16577.53
"/local/scratch/rgr22/linux-2.6.18/Documentation/block"	0	8	11099.88	17072.28
"/local/scratch/rgr22/linux-2.6.18/Documentation/arm"	6	11	3933.27	2194.33
"/local/scratch/rgr22/linux-2.6.18/Documentation/arm/nwfpe"	0	4	3696	1670.62
"/local/scratch/rgr22/linux-2.6.18/Documentation/arm/empeg"	0	3	615	441.45
"/local/scratch/rgr22/linux-2.6.18/Documentation/arm/VFP"	0	1	1270	0
"/local/scratch/rgr22/linux-2.6.18/Documentation/arm/Sharp-LH"	0	9	1681.56	907.75
"/local/scratch/rgr22/linux-2.6.18/Documentation/arm/Samsung-S3C24XX"	0	9	2296.78	1567.83
"/local/scratch/rgr22/linux-2.6.18/Documentation/arm/SA1100"	0	18	1473.11	2082.38
"/local/scratch/rgr22/linux-2.6.18/Documentation/aoe"	0	8	1188.25	1300.85
"/local/scratch/rgr22/linux-2.6.18/Documentation/accounting"	0	3	7010	2354.37
"/local/scratch/rgr22/linux-2.6.18/Documentation/RCU"	0	10	9682.2	9348.76
"/local/scratch/rgr22/linux-2.6.18/Documentation/DocBook"	1	23	20976.35	19673.17
"/local/scratch/rgr22/linux-2.6.18/Documentation/DocBook/man"	0	1	98	0
"/local/scratch/rgr22/linux-2.6.18/Documentation/ABI"	3	1	3427	0
"/local/scratch/rgr22/linux-2.6.18/Documentation/ABI/testing"	0	2	770.5	250.5
"/local/scratch/rgr22/linux-2.6.18/Documentation/ABI/stable"	0	2	797	355
"/local/scratch/rgr22/linux-2.6.18/Documentation/ABI/obsolete"	0	1	420	0
				
"average"	1	16.32	9076.6	9480.55
"stdev"	4.5	31.95	12834.8	16569.81
"max"	59	713	226323	249849.78
				
				
"Totals:"				
"files"	20208			
"dirs"	1238			
"smallest"	6			
"largest"	873599			
"mostfiles"	713			
"mostdirs"	59			
"meansize"	11077.84			
"stdev"	25957.04			
"largecount"	1505			
"largemean"	70314.62			
"largestdev"	68059.24			
"smallcount"	18703			
"smallmean"	6311.15			
"smallstdev"	7082.81			
